"Document Title",Authors,"Author Affiliations","Publication Title",Date Added To Xplore,"Publication Year","Volume","Issue","Start Page","End Page","Abstract","ISSN",ISBNs,"DOI",Funding Information,PDF Link,"Author Keywords","IEEE Terms","Mesh_Terms",Article Citation Count,Patent Citation Count,"Reference Count","License",Online Date,Issue Date,"Meeting Date","Publisher",Document Identifier
"Bootstrapping Service Mesh Implementations with Istio: Build reliable, scalable, and secure microservices on Kubernetes with Service Mesh","A. Rai",NA,"Bootstrapping Service Mesh Implementations with Istio: Build reliable, scalable, and secure microservices on Kubernetes with Service Mesh","","2023","","","","","A step-by-step guide to Istio Service Mesh implementation, with examples of complex and distributed workloads built using microservices architecture and deployed in Kubernetes Purchase of the print or Kindle book includes a free PDF eBookKey FeaturesLearn the design, implementation, and troubleshooting of Istio in a clear and concise formatGrasp concepts, ideas, and solutions that can be readily applied in real work environmentsSee Istio in action through examples that cover Terraform, GitOps, AWS, Kubernetes, and GoBook DescriptionIstio is a game-changer in managing connectivity and operational efficiency of microservices, but implementing and using it in applications can be challenging. This book will help you overcome these challenges and gain insights into Istio's features and functionality layer by layer with the help of easy-to-follow examples. It will let you focus on implementing and deploying Istio on the cloud and in production environments instead of dealing with the complexity of demo apps.  You'll learn the installation, architecture, and components of Istio Service Mesh, perform multi-cluster installation, and integrate legacy workloads deployed on virtual machines. As you advance, you'll understand how to secure microservices from threats, perform multi-cluster deployments on Kubernetes, use load balancing, monitor application traffic, implement service discovery and management, and much more. You’ll also explore other Service Mesh technologies such as Linkerd, Consul, Kuma, and Gloo Mesh. In addition to observing and operating Istio using Kiali, Prometheus, Grafana and Jaeger, you'll perform zero-trust security and reliable communication between distributed applications. After reading this book, you'll be equipped with the practical knowledge and skills needed to use and operate Istio effectively.What you will learnGet an overview of Service Mesh and the problems it solvesBecome well-versed with the fundamentals of Istio, its architecture, installation, and deploymentExtend the Istio data plane using WebAssembly (Wasm) and learn why Envoy is used as a data planeUnderstand how to use OPA Gatekeeper to automate Istio’s best practicesManage communication between microservices using IstioExplore different ways to secure the communication between microservicesGet insights into traffic flow in the Service MeshLearn best practices to deploy and operate Istio in production environmentsWho this book is forThe book is for DevOps engineers, SREs, cloud and software developers, sysadmins, and architects who have been using microservices in Kubernetes-based environments. It addresses challenges in application networking during microservice communications. Working experience on Kubernetes, along with knowledge of DevOps, application networking, security, and programming languages like Golang, will assist with understanding the concepts covered.","","9781803235967","","","https://ieeexplore.ieee.org/xpl/ebooks/bookPdfWithBanner.jsp?fileName=10251187.pdf&bkn=10251187&pdfType=book","","","","","","","","14 Sep 2023","","","Packt Publishing","Packt Publishing eBooks"
"Latency and RAM Usage Comparison of Advanced and Lightweight Service Mesh","F. Adinegoro; C. Rahmania; I. N. Zaini; R. M. Negara; S. N. Hertiana","Adaptive Network Laboratory, School of Electrical Engineering, Telkom University, Indonesia; Adaptive Network Laboratory, School of Electrical Engineering, Telkom University, Indonesia; Adaptive Network Laboratory, School of Electrical Engineering, Telkom University, Indonesia; Telecommunication Engineering, School of Electrical Engineering, Telkom University, Indonesia; Telecommunication Engineering, School of Electrical Engineering, Telkom University, Indonesia",2022 5th International Seminar on Research of Information Technology and Intelligent Systems (ISRITI),"7 Mar 2023","2022","","","369","372","The growth of application users in the Industrial revolution 4.0 era is vast. With more application users, more features are required, and the application should be more complex. The more complex an application, the more difficult it is to manage. In the current era, applications with many features no longer use monolithic-based applications because they are challenging to manage. The solution to this is to use microservices. Microservices need a service mesh that helps to connect, secure, control, and monitor microservices. Service mesh addresses the complexities of transitioning from monolithic applications to distributed applications with microservices. Currently, the service mesh that is often used is Istio. Istio is called an advanced service mesh because of its complexity. The solution to this complex problem is Linkerd. Linkerd is called a lightweight service mesh because it is simple and lightweight. Some claim that Linkerd performs better than Istio and uses more efficient resources. This study aims to compare Istio and Linkerd in terms of latency applications microservices. The results show that Linkerd excels in RAM usage efficiency and low latency in application frontend management. However, if you want low latency performance on the application backend, then using Istio will be more appropriate.","","978-1-6654-5512-1","10.1109/ISRITI56927.2022.10052905","","https://ieeexplore.ieee.org/stamp/stamp.jsp?arnumber=10052905","Service Mesh;Microservice;Lightweight Service Mesh;LINKERD;ISTIO","Seminars;Microservice architectures;Random access memory;Benchmark testing;Complexity theory;Fourth Industrial Revolution;Low latency communication","","6","","12","IEEE","7 Mar 2023","8-9 Dec. 2022","8-9 Dec. 2022","IEEE","IEEE Conferences"
"Comparative Evaluation of Linkerd and Istio Service Meshes in a Microservices Architecture Application","K. Bosquez; X. Caiza; L. Núñez; J. Monar","Information Technology, Computer Science and Electronics, ESPOCH, Riobamba, Ecuador; Information Technology, Computer Science and Electronics, ESPOCH, Riobamba, Ecuador; Information Technology, Computer Science and Electronics, ESPOCH, Riobamba, Ecuador; Information Technology, Computer Science and Electronics, ESPOCH, Riobamba, Ecuador",2025 IEEE Colombian Caribbean Conference (C3),"23 Jan 2026","2025","","","1","6","The purpose of this study is to conduct a comparative evaluation of the Linkerd and Istio service meshes in terms of CPU consumption, RAM memory, and latency in microservice architectures. A problem was identified related to the lack of practical evidence that objectively compares the performance of Istio and Linkerd service meshes, especially in terms of latency, CPU consumption, and RAM. To address this problem, a mixed approach was adopted that combined systematic literature review using PRISMA, experimental design with Design Science Research (DSR), and quantitative analysis using the SEMMA methodology. The Online Boutique application was deployed on Kubernetes, alternating between Istio and Linkerd implementations, and key metrics such as latency, CPU, and RAM usage were measured using metricsserver under low, medium, and high load scenarios. The results revealed that Linkerd had lower average latency (104 ms vs. 135 ms), lower CPU and RAM consumption, and greater stability under high load, with no errors recorded, while Istio reached high consumption peaks and presented internal failures. These results imply that Linkerd is more suitable for environments that prioritize efficiency and performance, while Istio remains useful when advanced observability and control features are required. This research provides relevant empirical evidence to guide decisions in the selection of service meshes in distributed architectures.","","979-8-3315-7142-9","10.1109/C366505.2025.11340184","","https://ieeexplore.ieee.org/stamp/stamp.jsp?arnumber=11340184","Service Mesh;Linkerd;Istio;Microservices;Performance","Measurement;Memory management;Random access memory;Microservice architectures;Stability analysis;Observability;Sustainable development;Thermal stability;Stress;Systematic literature review","","","","21","IEEE","23 Jan 2026","17-20 Sept. 2025","17-20 Sept. 2025","IEEE","IEEE Conferences"
"Microarchitectural Analysis and Characterization of Performance Overheads in Service Meshes with Kubernetes","S. Kurpad; S. BT; S. Vijaykumar; S. Jain; S. Kalambur","Department of Computer Science, PES University, Bengaluru, India; Department of Computer Science, PES University, Bengaluru, India; Department of Computer Science, PES University, Bengaluru, India; Department of Computer Science, PES University, Bengaluru, India; Department of Computer Science, PES University, Bengaluru, India",2023 3rd Asian Conference on Innovation in Technology (ASIANCON),"10 Oct 2023","2023","","","1","6","The cloud is an emerging paradigm, swiftly changing the information technology landscape by managing and providing high-quality services over the internet. With technology stacks moving to the cloud, microservices-based architecture (MSA) is becoming increasingly common. MSA consists of small, modular, and loosely coupled services that communicate over the network via well-defined APIs. Although an MSA may significantly boost the speed and efficiency of software service delivery, it also makes systems more operationally complex. Service meshes have emerged as a viable solution to alleviate this problem by adding a dedicated infrastructure layer on top of the microservices architecture without altering the service implementations. We have performed a thorough measurement and examination of the overheads associated with deploying microservices in a service mesh using wrk2 for latency sensitivity analysis and Linux-perf for microarchitectural analysis. We present a comprehensive overview of the overheads in terms of CPU cycles, system instructions, page faults, and cache misses in deploying a state-of-the-art service mesh (Istio) on a Kubernetes cluster running a benchmark microservices application (Death-StarBench).","","979-8-3503-0228-8","10.1109/ASIANCON58793.2023.10270428","","https://ieeexplore.ieee.org/stamp/stamp.jsp?arnumber=10270428","Microservices;Cloud computing;Service meshes;Istio;Empirical analysis;Microarchitectural analysis","Performance evaluation;Cloud computing;Technological innovation;Microarchitecture;Sensitivity analysis;Microservice architectures;Symbols","","1","","16","IEEE","10 Oct 2023","25-27 Aug. 2023","25-27 Aug. 2023","IEEE","IEEE Conferences"
"Simulation of Vulnerability-Driven Trust Evaluation in Microservice Service Meshes","S. P. Ashwini; N. P. Sheba","School of Computer Science & Engineering, RV University, Bangalore, Karnataka, India; School of Computer Science & Engineering, RV University, Bangalore, Karnataka, India","2026 International Conference on Intelligent and Innovative Technologies in Computing, Electrical and Electronics (IITCEE)","25 Feb 2026","2026","","","1","5","The basis of today's discussion of distributed systems in security-critical areas such as $5 \mathrm{G} / 6 \mathrm{G}$ networks, finance, and healthcare comprises cloud-native microservice architectures and MSAs. While enabling secure communication, service meshes lack the runtime trust assessment capabilities required to dynamically determine the trustworthiness of individual microservices. This is a requirement and necessity with the widespread utilisation of third-party libraries and the ensuing supply-chain attacks. A simulation platform for vulnerability-driven trust measurement in MSAs has been created and implemented in this work, accommodating controlled vulnerability injections such as malicious or outdated dependencies. Vulnerability measurements, exploit indicators, and behavioural anomalies are processed by a runtime trust assessment module to produce dynamic trust scores. Service continuity, access control, and adaptive routing decisions are guided by these scores. Baseline static-security meshes are compared with a trust-aware variant in experiments under a range of attack scenarios, including supply-chain exploitation and lateral movement. Security resilience, latency, throughput, and trust-score convergence are some of the metrics of evaluation. The results show that trust-aware meshes can rapidly detect and invalidate compromised services, reducing attack dwell time and propagation while imposing an acceptable performance overhead. By introducing trust-adaptive behaviour into service coordination, our approach enhances runtime security for MSAs and provides a reproducible platform for subsequent work.","","979-8-3315-7746-9","10.1109/IITCEE67948.2026.11394470","","https://ieeexplore.ieee.org/stamp/stamp.jsp?arnumber=11394470","microservice architectures;service mesh;trust evaluation;runtime trust scoring;supply-chain vulnerabilities;vulnerability-driven trust;Kubernetes;Istio;simulation framework","Cloud computing;Runtime;Network topology;Scalability;Microservice architectures;Routing;Throughput;Robustness;Topology;Service level agreements","","","","23","IEEE","25 Feb 2026","22-23 Jan. 2026","22-23 Jan. 2026","IEEE","IEEE Conferences"
"Microservices with Spring Boot and Spring Cloud: Build resilient and scalable microservices using Spring Cloud, Istio, and Kubernetes","M. Larsson",NA,"Microservices with Spring Boot and Spring Cloud: Build resilient and scalable microservices using Spring Cloud, Istio, and Kubernetes","","2021","","","","","Create and deploy production-quality microservices-based applications — New edition updated for the smooth running of Spring, Java, Kubernetes, and Istio, with an introduction to Helm 3 and support for Mac and Windows with WSL2Key FeaturesBuild cloud-native production-ready microservices with this comprehensively updated guideUnderstand the challenges of building large-scale microservice architecturesLearn how to get the best out of Spring Cloud, Kubernetes, and Istio in combinationBook DescriptionWant to build and deploy microservices, but don’t know where to start? Welcome to Microservices with Spring Boot and Spring Cloud. This edition features the most recent versions of Spring, Java, Kubernetes, and Istio, demonstrating faster and simpler handling of Spring Boot, local Kubernetes clusters, and Istio installation. The expanded scope includes native compilation of Spring-based microservices, support for Mac and Windows with WSL2, and an introduction to Helm 3 for packaging and deployment. A revamped security chapter now follows the OAuth 2.1 specification and makes use of the newly launched Spring Authorization Server from the Spring team. You’ll start with a set of simple cooperating microservices, then add persistence and resilience, make your microservices reactive, and document their APIs using OpenAPI. Next, you’ll learn how fundamental design patterns are applied to add important functionality, such as service discovery with Netflix Eureka and edge servers with Spring Cloud Gateway. You’ll deploy your microservices using Kubernetes and adopt Istio, then explore centralized log management using the Elasticsearch, Fluentd, and Kibana (EFK) stack, and then monitor microservices using Prometheus and Grafana. By the end of this book, you'll be building scalable and robust microservices using Spring Boot and Spring Cloud.What you will learnBuild reactive microservices using Spring BootDevelop resilient and scalable microservices using Spring CloudUse OAuth 2.1/OIDC and Spring Security to protect public APIsImplement Docker to bridge the gap between development, testing, and productionDeploy and manage microservices with KubernetesApply Istio for improved security, observability, and traffic managementWrite and run automated microservice tests with JUnit, testcontainers, Gradle, and bashWho this book is forIf you’re a Java or Spring Boot developer learning how to build microservice landscapes from scratch, then this book is for you. You don’t need any prior knowledge about microservices architecture to get started, but a solid grasp and enough experience in Java and Spring Boot to build apps autonomously is a must.","","9781801079150","","","https://ieeexplore.ieee.org/xpl/ebooks/bookPdfWithBanner.jsp?fileName=10163129.pdf&bkn=10163129&pdfType=book","","","","","","","","27 Jun 2023","","","Packt Publishing","Packt Publishing eBooks"
"The Utilisation and Implementation of the Istio Framework in the Architectonic Progression of Online Learning Platform","B. Qi; Y. Yu; X. Li","Shenyang Institute of Computing Technology, University of Chinese Academy of Sciences, Shenyang, China; Shenyang Institute of Computing Technology, University of Chinese Academy of Sciences, Beijing, China; Backend Development Centre, Beijing Zhongke Zhihe Digital Technology Co., Ltd, Beijing, China",2024 13th International Conference of Information and Communication Technology (ICTech),"5 Mar 2025","2024","","","182","186","Online education platforms have become increasingly significant with the rapid development of ""Internet + Education"". This paper details the evolution of an online learning platform from a traditional monolithic application architecture to a Service Mesh architecture, incorporating the use of the Istio framework. Though efficient in its initial stages, the monolithic structure encountered performance bottlenecks in high concurrency and high throughput scenarios. By implementing the Service Mesh architecture, the platform reduced its latency under identical hardware conditions. The performance tests reveal that, in high concurrency and throughput scenarios, the Service Mesh architecture outperforms traditional microservices and monolithic structures, exhibiting considerable advantages. This highlights the Service Mesh architecture's potential in improving the platform's performance, scalability, and maintainability.","","979-8-3503-7625-8","10.1109/ICTech63197.2024.00043","","https://ieeexplore.ieee.org/stamp/stamp.jsp?arnumber=10900907","online education platform;service mesh;istio;microservices;kubernetes","Concurrent computing;Scalability;Education;Microservice architectures;Throughput;Hardware;Internet;Information and communication technology","","","","19","IEEE","5 Mar 2025","12-14 April 2024","12-14 April 2024","IEEE","IEEE Conferences"
"Analyzing and Monitoring Kubernetes Microservices based on Distributed Tracing and Service Mesh","Y. -T. Wang; S. -P. Ma; Y. -J. Lai; Y. -C. Liang","Department of Computer Science and Engineering, National Taiwan Ocean University, Keelung, Taiwan; Department of Computer Science and Engineering, National Taiwan Ocean University, Keelung, Taiwan; Department of Computer Science and Engineering, National Taiwan Ocean University, Keelung, Taiwan; Department of Computer Science and Engineering, National Taiwan Ocean University, Keelung, Taiwan",2022 29th Asia-Pacific Software Engineering Conference (APSEC),"16 Feb 2023","2022","","","477","481","The microservice system architecture (MSA) outperforms the monolithic system architecture in terms of maintainability, extensibility, scalability, and fault tolerance. This is prompting a widescale migration of software systems from existing monolith systems to MSA. Most microservice systems utilize container technology for deployment. The fact that Kubernetes (K8s) provides a fully-fledged toolchain for managing container-based applications is prompting many organizations to adopt the K8s protocol for microservice system deployment and operations. Microservice monitoring is essential to the success of any service operation. The collection of logs and aggregation of metrics by most existing microservice monitoring systems is somewhat intrusive. Furthermore, the heterogeneity of Kubernetes technology means that most monitoring methods are inapplicable in situations where microservices are developed for a system using a variety of underlying languages and platforms. In the current study, we developed a monitoring mechanism that provides various metrics specific to microservice systems in a nonintrusive way. The proposed K8s-based microservice monitoring system, referred to as KMamiz (Kubernetes-based Microservice Analysis and Monitoring using Istio and Zipkin), enables the construction and visualization for service-level/endpoint-level dependency graphs and endpoint request chains, and the service cohesion/coupling analysis to enhance system quality for the development team.","2640-0715","978-1-6654-5537-4","10.1109/APSEC57359.2022.00066","National Science and Technology Council; ","https://ieeexplore.ieee.org/stamp/stamp.jsp?arnumber=10043222","Microservice;Kubernetes;Microservice Monitoring;Distributed Tracing;Service Mesh","Measurement;Visualization;Protocols;Scalability;Microservice architectures;Systems architecture;Telecommunication traffic","","9","","16","IEEE","16 Feb 2023","6-9 Dec. 2022","6-9 Dec. 2022","IEEE","IEEE Conferences"
"Boosting Microservice Resilience: An Evaluation of Istio’s Impact on Kubernetes Clusters Under Chaos","S. Singh; C. H. Muntean; S. Gupta","National College of Ireland, Dublin, Ireland; National College of Ireland, Dublin, Ireland; National College of Ireland, Dublin, Ireland",2024 9th International Conference on Fog and Mobile Edge Computing (FMEC),"14 Oct 2024","2024","","","245","252","Microservices based architecture is increasingly popular for deploying cloud-native applications using small, decoupled modules. While this approach provides flexibility, it also increases the complexity to manage and maintain the application. Microservices are deployed on Kubernetes, which enables efficient resource management and scalability. However, resilience depends on individual services and pods. Chaos engineering tests resilience by injecting failures. Istio service mesh can improve stability and fault tolerance when deployed as part of the microservice. This paper explores the use of chaotic tests to evaluate Istio’s service’s impact on microservices resilience in Kubernetes, and optimal tuning. The performance is evaluated under increased load, measuring and analysing metrics such as response time, errors, resource usage, and requests per second. Results show the Istio service mesh offers better stability, faster responses, and failure resilience compared to traditional architectures.","","979-8-3503-6648-8","10.1109/FMEC62297.2024.10710237","","https://ieeexplore.ieee.org/stamp/stamp.jsp?arnumber=10710237","GKE;Kubernetes;Chaos Engineering;Resilience;Istio Service Mesh","Multi-access edge computing;Scalability;Microservice architectures;Computer architecture;Stability analysis;Time measurement;Time factors;Resource management;Tuning;Resilience","","5","","25","IEEE","14 Oct 2024","2-5 Sept. 2024","2-5 Sept. 2024","IEEE","IEEE Conferences"
"Istio API Gateway Impact to Reduce Microservice Latency and Resource Usage on Kubernetes","L. Nathaniel; G. V. Perdana; M. R. Hadiana; R. M. Negara; S. N. Hertiana","Adaptive Network Laboratory,School of Electrical Engineering, Telkom University, Indonesia; Adaptive Network Laboratory,School of Electrical Engineering, Telkom University, Indonesia; Adaptive Network Laboratory,School of Electrical Engineering, Telkom University, Indonesia; Telecommunication Engineering,School of Electrical Engineering, Telkom University, Indonesia; Telecommunication Engineering,School of Electrical Engineering, Telkom University, Indonesia",2023 International Seminar on Intelligent Technology and Its Applications (ISITIA),"23 Aug 2023","2023","","","43","47","The rapid development of technology has caused a massive demand for technology applications. Infrastructure plays a vital role in application performance, and unreliable infrastructure can hinder application performance, resulting in a poor customer experience. One of the core components that enables application accessibility is the proxy server, which routes incoming traffic to the application that executing business logic. The proxy server runs in the Kubernetes environment in the abstraction of operating system virtualization. As the gateway to applications running in the Kubernetes environment, a gateway server with excellent performance, reliability, and efficient resource utilization is required. The selection of the proxy server as the gateway to the backend application significantly impacts application performance from the user’s perspective. The experiment conducted in this research is to test the backend application accessed through two different proxy servers in the Kubernetes environment. This research compares the response time and hardware resource utilization of the proxy server application, representing common microservice architecture and mesh microservice. This paper proposed the modern microservice architecture and evaluate the performance of common microservice paradigm so enterprise application with high request rate can serve client with lowest latency and efficient resource. The results shows that the Istio ingress proxy is suitable for microservice applications with high request rates while nginx ingress proxy performs better when serving lower request.","2769-5492","979-8-3503-1395-6","10.1109/ISITIA59021.2023.10221035","","https://ieeexplore.ieee.org/stamp/stamp.jsp?arnumber=10221035","Proxy Server;API Gateway;Cloud Computing;Microservices;Service Mesh","Seminars;Operating systems;Microservice architectures;Computer architecture;Logic gates;Servers;Resource management","","7","","19","IEEE","23 Aug 2023","26-27 July 2023","26-27 July 2023","IEEE","IEEE Conferences"
"Benchmarking Container Orchestration Platforms: A Comparative Analysis of Kubernetes and AWS ECS for Stateful Microservices","S. K. Kotakonda","Associate Software Engineer, United States",2026 IEEE 5th International Conference on AI in Cybersecurity (ICAIC),"23 Feb 2026","2026","","","1","5","In Financial services, when deploying stateful micro-services which require high-throughput need to have the right container orchestration platform. This paper compares the two available options from AWS, Elastic Container Service (ECS) and Elastic Kubernetes Service (EKS) running on server-less AWS Fargate compute engine. Comparison mainly focused on operational complexity, performance metrics, security architecture and total cost of ownership (TCO), when deployed to a stateful spring boot micro-services environment. ECS on Fargate has operational simplicity and is very quick in task startup, where EKS maintains finer granular controls over resource scheduling and provides advanced security models such as service mesh architecture. EKS infrastructure cost looks cheap but organizations end up paying more for operational labor cost due to EKS complexity. ECS is optimized for speed and simplicity and EKS is optimized for control and flexibility like multi cloud or hybrid with advanced security model.","","978-1-6654-7761-1","10.1109/ICAIC67076.2026.11395772","","https://ieeexplore.ieee.org/stamp/stamp.jsp?arnumber=11395772","Container Orchestration;Microservices;Kubernetes;AWS ECS;Fargate;Stateful Applications;TCO;Performance Benchmarking;Spring Boot","Costs;Processor scheduling;Microservice architectures;Computer architecture;Containers;Benchmark testing;Performance metrics;Scheduling;Complexity theory;Springs","","","","10","IEEE","23 Feb 2026","18-20 Feb. 2026","18-20 Feb. 2026","IEEE","IEEE Conferences"
"Performance Comparison of Service Mesh Frameworks: The MTLS Test Case","A. B. Barr; O. Lavi; Y. Naor; S. Rampal; J. Tavori","Tel Aviv University, Tel Aviv, Israel; Tel Aviv University, Tel Aviv, Israel; Reichman University, Herzliya, Israel; Red Hat, Raleigh, USA; Tel Aviv University, Tel Aviv, Israel",NOMS 2025-2025 IEEE Network Operations and Management Symposium,"15 Jul 2025","2025","","","1","6","Service Mesh has become essential for modern cloud-native applications by abstracting communication between microservices and providing zero-trust security, observability, and advanced traffic control without requiring code changes. This allows developers to leverage new network capabilities and focus on application logic without managing network complexities. However, the additional layer can significantly impact system performance, latency, and resource consumption, posing challenges for cloud managers and operators. In this work, we investigate the impact of the mTLS protocol-a common security and authentication mechanismon application performance within service meshes. Recognizing that security is a primary motivation for deploying a service mesh, we evaluated the performance overhead introduced by leading service meshes: Istio, Istio Ambient, Linkerd, and Cilium. Our experiments were conducted by testing their performance in service-to-service communications within a Kubernetes cluster. Our experiments reveal significant performance differences (in terms of latency and resource consumption) among the service meshes, rooting from the different architecture of the service mesh, sidecar versus sidecareless, and default extra features hidden in the mTLS implementation. Our results highlight the understanding of the service mesh architecture and its impact on performance.","2374-9709","979-8-3315-3163-8","10.1109/NOMS57970.2025.11073712","","https://ieeexplore.ieee.org/stamp/stamp.jsp?arnumber=11073712","cloud;Service Mesh;Kubernetes;MTLS;eBPF","Codes;System performance;Microservice architectures;Authentication;Traffic control;Complexity theory;Security;Logic;Observability;Testing","","2","","33","IEEE","15 Jul 2025","12-16 May 2025","12-16 May 2025","IEEE","IEEE Conferences"
"Optimizing Scalability and Resilience in Digital Platforms Through Microservice Deployment Strategies","S. Jhingran; S. Gupta; S. Bhogal","Department of Computer Science & Engineering, Sharda University, Greater Noida, Uttar Pradesh, India; Department of Computer Science & Engineering, Sharda University, Greater Noida, Uttar Pradesh, India; Department of Computer Science & Engineering, Sharda University, Greater Noida, Uttar Pradesh, India","2025 12th International Conference on Reliability, Infocom Technologies and Optimization (Trends and Future Directions) (ICRITO)","27 Nov 2025","2025","","","1","5","This research investigates deployment techniques to improve scalability and resilience in online platforms via microservice architecture (MSA). Monolithic systems are usually unreliable under dynamic workloads, while MSAs provide modularity, autonomous scalability, and fault isolation. We suggest a hybrid approach with adaptive resource scaling based on custom metrics and resilience-oriented traffic routing. Implemented in Istio and Kubernetes, the system features dynamic CPU-based autoscaling along with request rate and latency, health checks, and circuit breakers to divert traffic during failure. Experimental testing with varying workloads demonstrates response time reduction by 43% and recovery that is 61% more efficient compared to conventional approaches. Outcomes confirm that smart orchestration and active resilience mechanisms drastically enhance performance, availability, and fault tolerance in contemporary digital platforms.","2769-2884","979-8-3315-5421-7","10.1109/ICRITO66076.2025.11241342","","https://ieeexplore.ieee.org/stamp/stamp.jsp?arnumber=11241342","Kubernetes;Microservice Architecture;Resilience;Scalability;Service Mesh","Measurement;Scalability;Fault tolerant systems;Microservice architectures;Routing;Market research;Time factors;Optimization;Resilience;Testing","","","","12","IEEE","27 Nov 2025","18-19 Sept. 2025","18-19 Sept. 2025","IEEE","IEEE Conferences"
"Data Processing Unit (DPU) Based Network Process Offloading for Efficient Service Meshes","K. M. Hasanth; S. Basu; D. Nadig","Dept. of Computer and Information Technology, Purdue University, West Lafayette, IN; Dept. of Computer and Information Technology, Purdue University, West Lafayette, IN; Dept. of Computer and Information Technology, Purdue University, West Lafayette, IN",2024 IEEE 10th International Conference on Network Softwarization (NetSoft),"10 Jul 2024","2024","","","319","321","As the software development landscape transitions from monolithic applications to agile, cloud-native microservices, new challenges in communication have emerged, necessitating the evolution of network service meshes to effectively manage these complexities. While addressing these communication challenges, implementing service mesh solutions introduces higher resource utilization, primarily due to deploying an additional per-microservice infrastructure known as the “sidecar” container. A sidecarless approach, as exemplified by Cilium, leverages extended Berkeley packet filter (eBPF) technology to minimize operational overhead and optimize resource utilization. The advent of data processing units (DPU) represents a crucial evolution in cloud accelerators, designed to offload and accelerate networking, security, and storage tasks traditionally handled by server CPUs. This demonstration integrates DPU technology with Cilium’s sidecarless architecture and proposes to offload Cilium’s control plane to DPUs. Our proposed approach improves system efficiency by deploying Cilium’s control plane components on DPUs in a separate host mode. Further, our approach conserves CPU cycles on the primary hosts and shifts network processing tasks to the DPU. This strategic offload aims to enhance throughput, reduce latency, and unburden CPUs from network processing tasks to improve the performance of service mesh architectures for cloud-native ecosystems.","2693-9789","979-8-3503-6958-8","10.1109/NetSoft60951.2024.10588912","National Science Foundation; ","https://ieeexplore.ieee.org/stamp/stamp.jsp?arnumber=10588912","DPU;Cilium;eBPF;Service Mesh;Sidecar-less","Microservice architectures;Computer architecture;Data processing;Throughput;Resource management;Servers;Security","","2","","10","IEEE","10 Jul 2024","24-28 June 2024","24-28 June 2024","IEEE","IEEE Conferences"
"eZtunnel: Leveraging eBPF to Transparently Offload Service Mesh Data Plane Networking","A. J. Simas; F. E. Rodriguez Cesen; C. E. Rothenberg","Universidade Estadual de Campinas (UNICAMP), Campinas, Brazil; Universidade Estadual de Campinas (UNICAMP), Campinas, Brazil; Universidade Estadual de Campinas (UNICAMP), Campinas, Brazil",2024 IEEE 13th International Conference on Cloud Networking (CloudNet),"31 Dec 2024","2024","","","1","5","Cloud-native applications, characterized by scalability, resilience, and flexibility, adopt microservices architectures to decompose applications into smaller, independently manageable services. Although microservices offer significant benefits, this architectural approach introduces challenges in service-to-service communication, commonly relying on advanced orchestration and communication frameworks such as Kubernetes and Istio, respectively. However, the added complexity imposes substantial overhead by introducing longer packet processing paths. This paper discusses performance bottlenecks arising from service meshes and proposes eZtunnel to address some of the identified challenges. Leveraging extended Berkeley Packet Filter (eBPF) to transparently offload networking traffic, the elongated network path is bypassed, optimizing resource utilization and enhancing application performance. Experiments show that eZtunnel can reduce median latency over 20% and jitter to almost 10%.","2771-5663","979-8-3503-7656-2","10.1109/CloudNet62863.2024.10815862","","https://ieeexplore.ieee.org/stamp/stamp.jsp?arnumber=10815862","Service Mesh;Kubernetes;eBPF;Offloading","Scalability;Microservice architectures;Jitter;Complexity theory;Resource management;Resilience","","2","","17","IEEE","31 Dec 2024","27-29 Nov. 2024","27-29 Nov. 2024","IEEE","IEEE Conferences"
"Demonstrating a System for Dynamically Meeting Management Objectives on a Service Mesh","F. S. Samani; K. Hammar; R. Stadler","Dept. of Computer Science, KTH Royal Institute of Technology, Sweden; Dept. of Computer Science, KTH Royal Institute of Technology, Sweden; Dept. of Computer Science, KTH Royal Institute of Technology, Sweden",NOMS 2023-2023 IEEE/IFIP Network Operations and Management Symposium,"21 Jun 2023","2023","","","1","3","We demonstrate a management system that lets a service provider achieve end-to-end management objectives under varying load for applications on a service mesh based on the Istio and Kubernetes platforms. The management objectives for the demonstration include end-to-end delay bounds on service requests, throughput objectives, and service differentiation. Our method for finding effective control policies includes a simulator and a control module. The simulator is instantiated with traces from a testbed, and the control module trains a reinforcement learning (RL) agent to efficiently learn effective control policies on the simulator. The learned policies are then transfered to the testbed to perform dynamic control actions based on monitored system metrics. We show that the learned policies dynamically meet management objectives on the testbed and can be changed on the fly.","2374-9709","978-1-6654-7716-1","10.1109/NOMS56928.2023.10154365","","https://ieeexplore.ieee.org/stamp/stamp.jsp?arnumber=10154365","Performance management;reinforcement learning (RL);service mesh;digital twin;Istio;Kubernetes","Measurement;Conferences;Reinforcement learning;Throughput;Delays;System analysis and design;Monitoring","","5","","7","IEEE","21 Jun 2023","8-12 May 2023","8-12 May 2023","IEEE","IEEE Conferences"
"Uncertainty-Aware Hierarchical Graph Transformers for Adaptive Resource Optimization in Service Meshes","Z. Gu; R. Chang; C. Li; Q. He; Z. Zhao; M. Tao","Northeastern University, Bellevue, USA; Disney Streaming ads Platform, Burbank, USA; Georgetown University, New York, USA; Fordham University, New York, USA; NA; Emporia State University, Emporia, Kansas, USA",2026 International Conference on Communication Networks and Machine Learning (CNML),"31 Mar 2026","2026","","","1351","1354","Modern cloud-native applications rely on complex microservice architectures managed by service meshes like Istio, where dynamic workload fluctuations and intricate service dependencies make optimal resource allocation a persistent challenge. Existing approaches often struggle to balance resource efficiency with strict Service Level Agreements (SLAs), leading to either costly over-provisioning or performance degradation. This paper introduces HAGT-BMSO, a novel framework integrating Hierarchical Adaptive Graph-Transformers with Bayesian-Enhanced Multi-Scale Optimization. We employ a specialized graph transformer to capture multi-level service dependencies and utilize Bayesian variational inference for uncertainty-aware resource decisions. Furthermore, a Decision Transformer reformulates allocation as a sequence modeling task. Experimental results demonstrate that HAGT-BMSO reduces resource consumption by 47.3% while improving tail latency by 52.0% compared to standard Istio configurations.","","979-8-3315-9047-5","10.1109/CNML68938.2026.11452354","","https://ieeexplore.ieee.org/stamp/stamp.jsp?arnumber=11452354","Service Mesh;Resource Optimization;Graph Transformers;Bayesian Inference;Kubernetes;Microservices;Reinforcement Learning","Technological innovation;Microservice architectures;Telecommunication traffic;Transformers;Dynamic scheduling;Bayes methods;Resource management;Optimization;Standards;Service level agreements","","","","7","IEEE","31 Mar 2026","30 Jan.-1 Feb. 2026","30 Jan.-1 Feb. 2026","IEEE","IEEE Conferences"
"AI-Enhanced Pod Scheduling: Optimizing MERN and MEAN Stack Performance in Kubernetes","N. Ramachandran; M. Thirumaran","Department of Computer Science and Engineering, Puducherry Technological University, Puducherry, India; Department of Computer Science and Engineering, Puducherry Technological University, Puducherry, India","2025 International Conference on Data Science, Agents & Artificial Intelligence (ICDSAAI)","29 May 2025","2025","","","1","6","Microservices architecture has become the foundation of modern application development, offering enhanced scalability, flexibility, and maintainability. This paper presents a comparative performance evaluation of two widely used JavaScript-based stacks, MERN (MongoDB, Express, React, Node.js) and MEAN (MongoDB, Express, Angular, Node.js), deployed as microservices applications in Minikube, a local Kubernetes environment. While both stacks share a common backend technology stack, they differ in their front-end frameworks—React in MERN and Angular in MEAN—which influences their performance, scalability, and suitability for different application types. This study not only compares the architectural differences between MERN and MEAN but also introduces machine learning (ML)-based microservice optimization to enhance service instance selection and resource allocation in Kubernetes. The optimization leverages RF (Random Forest) and XGBoost ML algorithms for dynamic intelligent POD selection and scheduling, ensuring dynamic routing of microservice requests based on real-time performance metrics. Key evaluation criteria include latency, response time, CPU and memory utilization, scalability, and fault tolerance, monitored using Prometheus and Istio. The results provide insights into the efficiency of each stack in handling microservices workloads, helping developers and system architects choose the most suitable stack based on performance demands, resource constraints, and deployment complexity. The paper concludes with recommendations for optimizing microservices-based applications in Kubernetes environments using ML-driven orchestration strategies.","","979-8-3315-3755-5","10.1109/ICDSAAI65575.2025.11011851","","https://ieeexplore.ieee.org/stamp/stamp.jsp?arnumber=11011851","Microservices;MERN Stack;MEAN Stack;Minikube;Prometheus;Kubernetes;Performance Monitoring","Radio frequency;Heuristic algorithms;Scalability;Microservice architectures;Aerodynamics;Dynamic scheduling;Time factors;Resource management;Random forests;Monitoring","","","","16","IEEE","29 May 2025","28-29 March 2025","28-29 March 2025","IEEE","IEEE Conferences"
"AI-Driven Secure and Cloud-Native Microservice Architectures for High-Performance Financial and Hardware Accelerator Systems","V. Nagaraj; S. R. Gundla; P. R. Vennamaneni","MTS at Advanced Micro Device(AMD), San Jose, California, USA; MACYS Inc, GA, USA; Inovalon, USA",2025 Tenth International Conference on Science Technology Engineering and Mathematics (ICONSTEM),"18 Feb 2026","2025","","","1","7","This research describes an end-to-end architecture for financial systems that is capable of bringing together cloud-native microservice architecture with artificial intelligence and hardware accelerators. We have Kubernetes based containers and orchestrated containers using service mesh control plane technologies, real-time AI based threat mitigation using transformerbased detection models. Zero Trust security based on mutual TLS authentication and Policy based access controls based on Istio and Envoy proxies. Hardware acceleration: FPGA, GPU cluster helps for transaction processing in ultra-low latency in the sub-millisecond range. KServe Enterprise intelligence gives intelligent load balancing and predictive scaling with machine learning models. Kernel-level monitoring by eBPF integration, and network security integration of Cilium are examples of how performance improvement could be measured (latency reduction by 40 % and availability of 99.99 %) showing that the framework is suitable for mission-critical financial applications.","2996-2986","979-8-3315-6187-1","10.1109/ICONSTEM65670.2025.11374740","","https://ieeexplore.ieee.org/stamp/stamp.jsp?arnumber=11374740","Microservices;Cloud-Native;Zero-Trust;Hardware-Acceleration;AI-Security;Kubernetes","Cloud computing;Microservice architectures;Computer architecture;Containers;Transformers;Zero Trust;Hardware acceleration;Monitoring;Field programmable gate arrays;Load modeling","","","","15","IEEE","18 Feb 2026","6-7 Nov. 2025","6-7 Nov. 2025","IEEE","IEEE Conferences"
"Critical Limitations of the Least Outstanding Request Load Balancing Policy in Service Meshes for Large-Scale Microservice Applications","A. Detti; L. Funari","CNIT, Department of Electronic Engineering, University of Rome “Tor Vergata,”, Rome, Italy; CNIT, Department of Electronic Engineering, University of Rome “Tor Vergata,”, Rome, Italy",IEEE Transactions on Network and Service Management,"4 Dec 2025","2025","22","6","5452","5463","Service meshes are becoming pivotal software frameworks for managing communication among microservices in distributed applications. Each microservice in a service mesh is paired with an L7 sidecar proxy, which intercepts incoming and outgoing requests to provide enhanced observability, traffic management, and security. These sidecar proxies use application-level load balancing policies to route outgoing requests to available replicas of destination microservices. A widely adopted policy is the Least Outstanding Request (LOR), which directs requests to the replica with the fewest outstanding requests. While LOR effectively reduces latency in applications with a small number of replicas, our comprehensive investigation–combining analytical, simulation, and experimental methods–uncovers a novel and critical issue for large-scale microservice applications: the performance of LOR significantly degrades as the number of microservice replicas increases, eventually converging to the performance of a random load balancing policy. To recover LOR performance at scale, we propose an open-source solution named Proxy-Service, tailored for microservice applications where load balancing incurs significantly lower resource demands than microservice execution. The core idea is to consolidate load balancing decisions per microservice into one or a few reverse proxies, transparently injected into the application.","1932-4537","","10.1109/TNSM.2025.3593870","EU under the Italian National Recovery and Resilience Plan (NRRP) of NextGenerationEU, partnership “Telecommunications of the Future”(grant numbers:PE00000001); ","https://ieeexplore.ieee.org/stamp/stamp.jsp?arnumber=11104849","Cloud computing;microservices applications;service meshes;load balancing","Microservice architectures;Servers;Load management;Load modeling;Analytical models;Degradation;Collaboration;Containers;Training;Security","","","","32","IEEE","30 Jul 2025","Dec. 2025","","IEEE","IEEE Journals"
"Latency-Optimized Microservices Orchestration for Real-Time E-Commerce in Multi-Cloud Environments","A. K. Padhy; C. Medicherla; B. Vulugundam; C. Kulkarni; T. P. Patel; S. Shivam","University of Illinois Urbana-Champaign, Urbana, IL, USA; IEEE, Roseville, CA, USA; IEEE, Atlanta, USA; IEEE, Salt Lake City, UT, USA; IEEE, Irving, TX, USA; IEEE, McKinney, TX, USA",2025 International Conference on Computer and Applications (ICCA),"17 Mar 2026","2025","","","1","6","Real-time e-commerce platforms are increasingly based on distributed microservices deployed across multi-cloud environments, but due to high variability in the network and complicated inter-service dependencies, the latency of inter-service communication often becomes a suboptimal performance indicator that degrades user experience. The main goal is to create latency optimized orchestration framework to provide low response time, scalability and reliability across the federated cloud infrastructures. The proposed system involves service mesh-based traffic shaping, adaptive autoscaling with reinforcement learning, end-to-end observability with distributed tracing, and a latency-aware scheduling algorithm that makes dynamic decisions on the placement of services using the realtime network metric. Experimental evaluation across AWS, Azure, GCP multi-cloud deployments showing substantial performance improvements such as a reduction of the internal average end-to-end latency by 32%, 27% improved request throughput and 22% improved peak load stability in compare to baseline orchestration strategies. The proposed latency-optimized orchestration framework significantly improves the real-time responsiveness and operational efficiency of multi-cloud e-commerce platforms in a scalable way for the next-generation digital commerce systems.","","979-8-3315-9953-9","10.1109/ICCA66035.2025.11430930","","https://ieeexplore.ieee.org/stamp/stamp.jsp?arnumber=11430930","Latency optimization;Microservices orchestration;Real-time e-commerce;Multi-cloud environments;Service mesh;Reinforcement learning;Autoscaling","Microservice architectures;Reinforcement learning;Throughput;Real-time systems;Stability analysis;User experience;Electronic commerce;Time factors;Observability;Optimization","","","","16","IEEE","17 Mar 2026","22-24 Dec. 2025","22-24 Dec. 2025","IEEE","IEEE Conferences"
"Managing Multi-Cloud Deployments on Kubernetes with Istio, Prometheus and Grafana","V. Sharma","GLA University, Mathura, (UP), India",2022 8th International Conference on Advanced Computing and Communication Systems (ICACCS),"7 Jun 2022","2022","1","","525","529","Today, Cloud-native is changing the way applications are constructed and being deployed. Traditionally, application development followed a waterfall and monolithic approach. Whereas cloud-native follows a microservices and agile approach. This cloud-native approach has many advantages over traditional approaches. However, relying on a single cloud vendor will create a number of issues like single-vendor dependency, the problem of reliability and availability, as no single cloud service provider has the best tools for everything. To remove this single-vendor dependency, Cloud-Architects use a multi-cloud environment. Multi-cloud refers to the use of many cloud providers and services in a single cloud network infrastructure. Multi-cloud environments are used to gain all benefits from different vendors like distribute computing resources, minimum downtime and high data availability. Organizations are using multi-cloud to increase their computing power and services availability for a business. In recent years, cloud service advances have led to a shift from private clouds to multi-tenant clouds and hybrid clouds. This multi-cloud will be a mixed environment that will take advantage of many infrastructure environments, such as private and public clouds.","2575-7288","978-1-6654-0816-5","10.1109/ICACCS54159.2022.9785124","","https://ieeexplore.ieee.org/stamp/stamp.jsp?arnumber=9785124","Multi-Cloud;Grafana;Prometheus;Istio;Anthos;Kubernetes","Measurement;Cloud computing;Instruments;Microservice architectures;Computer architecture;Organizations;Reliability","","16","","16","IEEE","7 Jun 2022","25-26 March 2022","25-26 March 2022","IEEE","IEEE Conferences"
"A Decentralized Microservice Scheduling Approach Using Service Mesh in Cloud-Edge Systems","Y. -Y. Wen; P. Townend; P. -O. Östberg; A. Souza; C. Courageux-Sudan","Umeå University, Umeå, Sweden; Umeå University, Umeå, Sweden; Umeå University, Umeå, Sweden; UC Santa Cruz, CA, USA; Umeå University, Umeå, Sweden",2025 IEEE International Conference on Joint Cloud Computing (JCC),"20 Aug 2025","2025","","","52","60","As microservice-based systems scale across the cloud-edge continuum, traditional centralized scheduling mechanisms increasingly struggle with latency, coordination overhead, and fault tolerance. This paper presents a new architectural direction: leveraging service mesh sidecar proxies as decentralized, in-situ schedulers to enable scalable, low-latency coordination in large-scale, cloud-native environments. We propose embedding lightweight, autonomous scheduling logic into each sidecar, allowing scheduling decisions to be made locally without centralized control. This approach leverages the growing maturity of service mesh infrastructures, which support programmable distributed traffic management. We describe the design of such an architecture and present initial results demonstrating its scalability potential in terms of response time and latency under varying request rates. Rather than delivering a finalized scheduling algorithm, this paper presents a system-level architectural direction and preliminary evidence to support its scalability potential.","","979-8-3315-8915-8","10.1109/JCC67032.2025.00012","Knut and Alice Wallenberg Foundation; European Commission; ","https://ieeexplore.ieee.org/stamp/stamp.jsp?arnumber=11124158","Microservice-based systems;Service mesh;Decentralized scheduling;Sidecar proxy;Scalability;Latency;Distributed systems","Measurement;Cloud computing;Scheduling algorithms;Scalability;Microservice architectures;Computer architecture;Metadata;Time factors;Synchronization;Edge computing","","","","28","IEEE","20 Aug 2025","21-24 July 2025","21-24 July 2025","IEEE","IEEE Conferences"
"Network Policies in Kubernetes: Performance Evaluation and Security Analysis","G. Budigiri; C. Baumann; J. T. Mühlberg; E. Truyen; W. Joosen","imec-DistriNet, KU Leuven, Belgium; Ericsson Research, Stockholm, Sweden; imec-DistriNet, KU Leuven, Belgium; imec-DistriNet, KU Leuven, Belgium; imec-DistriNet, KU Leuven, Belgium",2021 Joint European Conference on Networks and Communications & 6G Summit (EuCNC/6G Summit),"28 Jul 2021","2021","","","407","412","5G applications with ultra-high reliability and low latency requirements necessitate the adoption of edge computing solutions in mobile networks. Container orchestration frameworks like Kubernetes (K8s) have further emerged as the preferred standard to dynamically deploy edge applications on demand of end-users and third-party companies. Unfortunately, complex networking and security concerns have been highlighted as challenges that impede the successful adoption of container technology by the industry. The security challenge is exacerbated by (mis-)conceptions that secure inter-container communication comes at the cost of performance, yet both requirements are vital for 5G edge-computing use cases. Pursuing low-overhead security solutions, this paper investigates network policies, the K8s concept for controlling network isolation between tenants. We evaluate performance overheads of eBPF -based solutions by Calico and Cilium, and analyze the security of network policies, highlighting security threats to network policies and outline corresponding state-of-the-art solutions. Our assessment shows that network policies are a suitable low-overhead security solution for low-latency inter-container communication.","2575-4912","978-1-6654-1526-2","10.1109/EuCNC/6GSummit51104.2021.9482526","Research Fund KU Leuven; Flemish Research Programme Cyberse-curity; EU H2020 MSCA-ITN action 5GhOSTS(grant numbers:814035); ","https://ieeexplore.ieee.org/stamp/stamp.jsp?arnumber=9482526","container orchestration;edge computing;network isolation;microservices;tenants;eBPF;Calico;Cilium","Performance evaluation;Industries;5G mobile communication;Interference;Containers;Ultra reliable low latency communication;Security","","36","","37","IEEE","28 Jul 2021","8-11 June 2021","8-11 June 2021","IEEE","IEEE Conferences"
"Exploring How Service Meshes Can Help To Facilitate The Development Of Microservices","V. Chawla","University Of California, Riverside",2024 IEEE 15th International Conference on Software Engineering and Service Science (ICSESS),"23 Oct 2024","2024","","","35","43","Service meshes are an emerging technology that is changing the way people create, deploy and monitor microservices. This paper presents the challenges of managing infrastructure for a large-scale, distributed system. It then demonstrates how service meshes can simplify these tasks by providing reusable, declarative ways to manage common requirements such as canary deployment.","2327-0594","979-8-3503-8916-6","10.1109/ICSESS62520.2024.10719389","","https://ieeexplore.ieee.org/stamp/stamp.jsp?arnumber=10719389","service meshes;microservices;kubernetes;python;istio;linkerd;nodejs;scalability;high availability","Microservice architectures;Computer architecture;Logic;Monitoring;Software engineering;Business","","3","","22","IEEE","23 Oct 2024","13-14 Sept. 2024","13-14 Sept. 2024","IEEE","IEEE Conferences"
"eSeMeshA: eBPF-Based Service Mesh Acceleration for Cloud-Native Infrastructures","A. J. Simas; C. E. Rothenberg; G. Pongrácz","Universidade Estadual de Campinas, Brazil; Universidade Estadual de Campinas, Brazil; Ericsson Research, Hungary",2025 IEEE 11th International Conference on Network Softwarization (NetSoft),"21 Jul 2025","2025","","","338","342","Service meshes are indispensable for enabling advanced communication features in cloud-native infrastructures. Though, due to the tight coupling of service meshes with the data path, they introduce significant overheads, resulting in degraded networking performance, including increased latency, poor throughput, and inefficient resource utilization. This paper presents an eBPF-based Service Mesh Acceleration framework, eSeMeshA, a proposal designed to mitigate these bottlenecks in intra-node communication by employing an in-kernel method to bypass costly data paths in modern service mesh architectures, such as Istio Ambient Mesh and Cilium, while also maintaining full support for legacy sidecar-based approaches, like Istio Sidecar. Experimental results show the potential of eSeMeshA to achieve significant gains, over 70% in throughput, up to $\mathbf{4 1. 9 \%}$ latency reduction, and $\mathbf{3 5. 8 \%}$ jitter improvement, all with minimal memory overhead of at most 30.4 MB and 23.2% less CPU usage, demonstrating its effectiveness as a scalable and efficient solution for cloud-native networking.","2693-9789","979-8-3315-4345-7","10.1109/NetSoft64993.2025.11080556","","https://ieeexplore.ieee.org/stamp/stamp.jsp?arnumber=11080556","Kubernetes;Service Mesh;eBPF;Acceleration;Cloud-Native","Couplings;Memory management;Jitter;Throughput;Resource management;Proposals","","","","11","IEEE","21 Jul 2025","23-27 June 2025","23-27 June 2025","IEEE","IEEE Conferences"
"Service Mesh and eBPF-Powered Microservices: A Survey and Future Directions","M. R. S. Sedghpour; P. Townend","Department of Computing Science, Umeå University, Umeå, Sweden; Department of Computing Science, Umeå University, Umeå, Sweden",2022 IEEE International Conference on Service-Oriented System Engineering (SOSE),"13 Oct 2022","2022","","","176","184","Modern software development practice has seen a profound shift in architectural design, moving from monolithic approaches to distributed, microservice-based architectures. This allows for much simpler and faster application orchestration and management, especially in cloud-based systems, with the result being that orchestration systems themselves are becoming a key focus of computing research.Orchestration system research addresses many different subject areas, including scheduling, automation, and security. However, the key characteristic that is common throughout is the complex and dynamic nature of distributed, multi-tenant cloud-based microservice systems that must be orchestrated. This complexity has led to many challenges in areas such as inter-service communication, observability, reliability, single cluster to multi-cluster, hybrid environments, and multi-tenancy.The concept of service meshes has been introduced to handle this complexity. In essence, a service mesh is an infrastructure layer built directly into the microservices - or the nodes of orchestrators - as a set of configurable proxies that are responsible for the management, observability, and security of microservices.Service meshes aim to be a full networking solution for microservices; however, they also introduce overhead into a system - this can be significant for low-powered edge devices, as service mesh proxies work in user space and are responsible for processing the incoming and outgoing traffic of each service. To mitigate performance issues caused by these proxies, the industry is pushing the boundaries of monitoring and security to kernel space by employing eBPF for faster and more efficient responses.We propose that the movement towards the use of service meshes as a networking solution for most of the required features by industry - combined with their integration with eBPF - is the next key trend in the evolution of microservices. This paper highlights the challenges of this movement, explores its current state, and discusses future opportunities in the context of microservices.","2642-6587","978-1-6654-7534-1","10.1109/SOSE55356.2022.00027","","https://ieeexplore.ieee.org/stamp/stamp.jsp?arnumber=9912629","Service-Oriented Computing;Microservice;Service Mesh;eBPF","Industries;Runtime;Service-oriented systems engineering;Microservice architectures;Software;Complexity theory;Security","","17","","101","IEEE","13 Oct 2022","15-18 Aug. 2022","15-18 Aug. 2022","IEEE","IEEE Conferences"
"SDN-Based Service Function Chaining in Kubernetes Using Network Service Mesh with Kernel-type Network Interfaces for Industrial IoT","A. H. Ghorab; M. Abuibaid; A. A. Saruhan; M. St-Hilaire","Carleton University, Ottawa, Canada; Carleton University, Ottawa, Canada; Carleton University, Ottawa, Canada; Carleton University, Ottawa, Canada",2024 IEEE 10th World Forum on Internet of Things (WF-IoT),"30 Dec 2024","2024","","","481","486","The increasing adoption of Virtual Network Functions (VNFs) and Kubernetes for Industrial IoT applications has sparked interest in Service Function Chaining (SFC) deployment within Kubernetes environments. However, deploying SFC in Kubernetes requires a flexible and manageable network infrastructure, which Kubernetes alone cannot provide. Network Service Mesh (NSM) has emerged as a popular solution by offering layer 2 and 3 service mesh capabilities with various features tailored for Kubernetes clusters. Despite NSM’s support for SFC, it needs to meet the requirements for industrial IoT use cases due to its lack of integration with Software-Defined Networking (SDN) controllers and its incapacity to provide Kernel-type network interfaces for Network Function (NF) pods. This paper proposes a solution to address these limitations by integrating NSM with an SDN controller and enabling Kernel-type interfaces for NF pods. Our experimental results demonstrate that while the NSM-based solution is overshadowed by OvS-based SFC deployment regarding maximum throughput, latency, and packet loss, it offers valuable features such as ease of use and elimination of manual configuration requirements.","2768-1734","979-8-3503-7301-1","10.1109/WF-IoT62078.2024.10811207","","https://ieeexplore.ieee.org/stamp/stamp.jsp?arnumber=10811207","Service Function Chaining (SFC);Network Service Mesh (NSM);Industrial IoT;Software-Defined Networking (SDN);Kubernetes;Open vSwitch (OvS)","Protocols;Service function chaining;Packet loss;Manuals;Throughput;Routing;Noise measurement;Network interfaces;Usability;Industrial Internet of Things","","","","7","IEEE","30 Dec 2024","10-13 Nov. 2024","10-13 Nov. 2024","IEEE","IEEE Conferences"
"Challenges and Opportunities in Performance Benchmarking of Service Mesh for the Edge","M. Ganguli; S. Ranganath; S. Ravisundar; A. Layek; D. Ilangovan; E. Verplanke","Network and Edge Group (NEX) Intel Corporation, Chandler, USA; Network and Edge Group (NEX) Intel Corporation, Hillsboro, USA; Network and Edge Group (NEX) Intel Corporation, Chandler, USA; Network and Edge Group (NEX) Intel Corporation, Chandler, USA; Network and Edge Group (NEX) Intel Corporation, Chandler, USA; Network and Edge Group (NEX) Intel Corporation, Chandler, USA",2021 IEEE International Conference on Edge Computing (EDGE),"17 Feb 2022","2021","","","78","85","As Edge deployments move closer towards the end devices, low latency communication among Edge aware applications is one of the key tenants of Edge service offerings. In order to simplify application development, service mesh architectures have emerged as the evolutionary architectural paradigms for taking care of bulk of application communication logic such as health checks, circuit breaking, secure communication, resiliency (among others), thereby decoupling application logic with communication infrastructure. The latency to throughput ratio needs to be measurable for high performant deployments at the Edge. Providing benchmark data for various edge deployments with Bare Metal and virtual machine-based scenarios, this paper digs into architectural complexities of deploying service mesh at edge environment, performance impact across north-south and east-west communications in and out of a service mesh leveraging popular open-source service mesh Istio/Envoy using a simple on-prem Kubernetes cluster. The performance results shared indicate performance impact of Kubernetes network stack with Envoy data plane. Microarchitecture analyses indicate bottlenecks in Linux based stacks from a CPU micro-architecture perspective and quantify the high impact of Linux's Iptables rule matching at scale. We conclude with the challenges in multiple areas of profiling and benchmarking requirement and a call to action for deploying a service mesh, in latency sensitive environments at Edge.","2767-9918","978-1-6654-0062-6","10.1109/EDGE53862.2021.00020","","https://ieeexplore.ieee.org/stamp/stamp.jsp?arnumber=9711981","Edge;Service Mesh;Istio;Envoy;Kubernetes;benchmark","Linux;Microservice architectures;Benchmark testing;Throughput;Data models;Complexity theory;Kernel","","19","","20","IEEE","17 Feb 2022","5-10 Sept. 2021","5-10 Sept. 2021","IEEE","IEEE Conferences"
"A Distributed Microservice Communication Framework for Cloud-Native Networks","X. Li; A. Wang; W. Wang; T. Yu; T. Yan","Research Institue of China Telecom Corporation Limited, Beijing, China; Research Institue of China Telecom Corporation Limited, Beijing, China; Research Institue of China Telecom Corporation Limited, Beijing, China; Beijing University of Posts and Telecommunication, Beijing, China; Beijing University of Posts and Telecommunication, Beijing, China","2025 IEEE 4th International Conference on Computing, Communication, Perception and Quantum Technology (CCPQT)","17 Feb 2026","2025","","","1","5","The rapid adoption of microservices in cloud-native environments has led to the need for robust communication frameworks that can efficiently handle dynamic, scalable, and secure service interactions. This paper presents a comprehensive review of the Distributed Microservice Communication Framework (DMCF), a novel architecture that integrates advanced content-oriented communication methods into service mesh infrastructures. By introducing service identifiers (SIDs) and content semantics into microservice communication, DMCF aims to enhance scalability, performance, security, and observability within large-scale distributed systems. This review examines the key principles, challenges, and solutions proposed by DMCF, and provides insights into how it can address limitations in current service mesh and routing technologies.","","979-8-3315-2583-5","10.1109/CCPQT66408.2025.11382975","","https://ieeexplore.ieee.org/stamp/stamp.jsp?arnumber=11382975","component;Service Mesh;Cloud-Native;Content-Oriented Communication;Scalability;Security;Service Discovery","Quantum computing;Reviews;Scalability;Semantics;Microservice architectures;Computer architecture;Routing;Security;Observability","","","","12","IEEE","17 Feb 2026","24-26 Oct. 2025","24-26 Oct. 2025","IEEE","IEEE Conferences"
"A Comparative Review of Microservices and Monolithic Architectures","O. Al-Debagy; P. Martinek","Department of Electronics Technology, Budapest University of Technology and Economics, Budapest, Hungary; Department of Electronics Technology, Budapest University of Technology and Economics, Budapest, Hungary",2018 IEEE 18th International Symposium on Computational Intelligence and Informatics (CINTI),"9 Dec 2019","2018","","","000149","000154","Microservices' architecture is getting attention in the academic community and the industry, and mostly is compared with monolithic architecture. Plenty of the results of these research papers contradict each other regarding the performance of these architectures. Therefore, these two architectures are compared in this paper, and some specific configurations of microservices' applications are evaluated as well in the term of service discovery. Monolithic architecture in concurrency testing showed better performance in throughput by 6% when compared to microservices architecture. The load testing scenario did not present significant difference between the two architectures. Furthermore, a third test comparing microservices applications built with different service discovery technologies such as Consul and Eureka showed that applications with Consul presented better results in terms of throughput.","2471-9269","978-1-7281-1117-9","10.1109/CINTI.2018.8928192","","https://ieeexplore.ieee.org/stamp/stamp.jsp?arnumber=8928192","Microservices Architecture;Monolithic Architecture;Performance Evaluation","Computer architecture;Throughput;Time factors;Testing;Cloud computing;Service-oriented architecture;Concurrent computing","","98","","14","IEEE","9 Dec 2019","21-22 Nov. 2018","21-22 Nov. 2018","IEEE","IEEE Conferences"
"Vulnerability Assessment of Service Mesh Utilizing Fan-Out Requests","S. K; S. T. P","Department of CSE, National Institute of Technology, Surathkal, India; Department of CSE, National Institute of Technology, Surathkal, India","2025 International Conference on Communication, Computer, and Information Technology (IC3IT)","22 Jan 2026","2025","","","1","6","A service mesh is essential for managing and securing communication between microservices in distributed systems. However, as these systems increase in complexity, along with high fan-out requests, a single request activates multiple downstream service calls. These fan-out requests overload backend resources, impair performance, and threaten system availability. Existing approaches, such as rate limiting, circuit breaking, and load balancing, aim to manage such traffic but often fail under real-world conditions. Rate limiting applied to individual services can lead to increased resource consumption. During a surge of fan-out requests, services may fail even before rate limits are reached due to rapid resource exhaustion. The proposed methodology utilizes OpenAPI specification documents combined with observed service responses and response times to generate realistic fan-out requests for analysis. The results show that while conventional strategies help, they are insufficient when cascading requests are triggered, leading to performance bottlenecks and potential denial-of-service scenarios. The findings emphasize that carefully constructed fan-out requests compromise microservices operating within service mesh architectures, underlining the need for more adaptive and intelligent mitigation mechanisms.","","979-8-3315-2483-8","10.1109/IC3IT66137.2025.11341196","","https://ieeexplore.ieee.org/stamp/stamp.jsp?arnumber=11341196","Microservice;Service Mesh;Kubernetes;Istio;Envoy;OpenAPI Specification","Limiting;Scalability;Microservice architectures;Computer architecture;Traffic control;Load management;Reliability engineering;Complexity theory;Time factors;Surges","","","","15","IEEE","22 Jan 2026","24-25 Oct. 2025","24-25 Oct. 2025","IEEE","IEEE Conferences"
"Meta Learning for Improved Policy Transfer in Changing Network Environments","S. Damberg; H. Larsson; A. Johnsson","Ericsson Research, Sweden; Ericsson Research, Sweden; Ericsson Research, Sweden",2025 IEEE 11th International Conference on Network Softwarization (NetSoft),"21 Jul 2025","2025","","","508","512","Dynamic resource allocation for microservices is crucial for meeting management objectives like high throughput and low latency. Recent advancements highlight reinforcement learning as a promising technique, with policy adaptation offering potential for coping with dynamic environments. However, traditional policy adaptation methods often suffer from slow adaptation, particularly in rapidly changing scenarios, limiting their effectiveness in achieving timely responses. To address this limitation, we explore a meta-learning technique to train more generalizable and robust policies that adapt more quickly to target environments. Our findings from extensive experimentation in a real testbed reveal that the MAML meta-learning technique outperforms in scenarios with changing management objectives and achieves comparable performance to baselines in handling dynamic infrastructure loads.","2693-9789","979-8-3315-4345-7","10.1109/NetSoft64993.2025.11080597","","https://ieeexplore.ieee.org/stamp/stamp.jsp?arnumber=11080597","Performance management;reinforcement learning;service mesh;policy adaptation;meta-learning;Istio;K8s","Metalearning;Adaptation models;Limiting;Microservice architectures;Reinforcement learning;Throughput;Dynamic scheduling;Resource management;Low latency communication;Load modeling","","","","23","IEEE","21 Jul 2025","23-27 June 2025","23-27 June 2025","IEEE","IEEE Conferences"
"Performance Analysis of Zero-Trust multi-cloud","S. Rodigari; D. O'Shea; P. McCarthy; M. McCarry; S. McSweeney","Munster Technological University, Cork, Ireland; Munster Technological University, Cork, Ireland; Munster Technological University, Cork, Ireland; Pilz Ireland Industrial Automation Limited, Cork, Ireland; Munster Technological University, Cork, Ireland",2021 IEEE 14th International Conference on Cloud Computing (CLOUD),"8 Nov 2021","2021","","","730","732","Zero Trust security model permits to secure cloud native applications while encrypting all network communication, authenticating, and authorizing every request. The service mesh can enable Zero Trust using a side-car proxy without changes to the application code. To the best of our knowledge, no previous work has provided a performance analysis of Zero Trust in a multi-cloud environment. This paper proposes a multi-cloud framework and a testing workflow to analyse performance of the data plane under load and the impact on the control plane, when Zero Trust is enabled. The results of preliminary tests show that Istio has reduced latency variability in responding to sequential HTTP requests. Results also reveal that the overall CPU and memory usage can increase based on service mesh configuration and the cloud environment.","2159-6190","978-1-6654-0060-2","10.1109/CLOUD53861.2021.00097","","https://ieeexplore.ieee.org/stamp/stamp.jsp?arnumber=9582229","zero trust networking;multi cloud;service mesh;sidecar proxy;Kubernetes;Istio","Cloud computing;Codes;Conferences;Performance analysis;Cryptography;Testing","","29","","13","IEEE","8 Nov 2021","5-10 Sept. 2021","5-10 Sept. 2021","IEEE","IEEE Conferences"
"Evaluating the Performance of Sidecar-based and Sidecarless Cloud-native Service Mesh Solutions","K. M. Hasanth; D. Nadig","Dept. of Computer and Information Technology, Purdue University West, Lafayette, IN; Dept. of Computer and Information Technology, Purdue University West, Lafayette, IN",2024 IEEE International Conference on Advanced Networks and Telecommunications Systems (ANTS),"3 Mar 2025","2024","","","1","6","The software development landscape is rapidly evolving, marked by the shift from monolithic applications to microservices architectures and the adoption of agile methodologies. While developing microservices has become more effortless, the challenges of maintaining and deploying them persist, specifically with managing the complex dependencies associated with multiple microservice deployments. With an increasing demand for container orchestrators and Kubernetes emerging as the industry standard, networking microservices remains a key challenge. Service mesh, a solution to this problem, consists of a control and a data plane, with the former responsible for managing the components of the latter. Data planes in most service meshes are implemented using sidecar proxies, posing specific challenges when injected into application pods. A potential solution to these challenges lies in the sidecarless approach. This paper aims to explore the eBPF-based service mesh, Cilium, which eliminates the need for a sidecar while encompassing most service mesh capabilities. Further, we benchmark Cilium’s performance, analyze its effectiveness, and compare its performance with Istio and Linkerd. Our evaluations show that Linkerd outperforms other solutions with respect to response times, with Linkerd performing 29.85 % and 63.43% better than Cilium and Istio, respectively.","2153-1684","979-8-3503-9172-5","10.1109/ANTS63515.2024.10897788","National Science Foundation; ","https://ieeexplore.ieee.org/stamp/stamp.jsp?arnumber=10897788","Service Mesh;Cilium;eBPF;Sidecarless","Industries;Microservice architectures;Computer architecture;Containers;Benchmark testing;Telecommunications;Time factors;Standards;Software development management","","1","","21","IEEE","3 Mar 2025","15-18 Dec. 2024","15-18 Dec. 2024","IEEE","IEEE Conferences"
"Research on A Lightweight Service Mesh Architecture Using eBPF","Y. Tan; S. Quan; Z. Zhu; S. Gao","China Telecom, Beijing, China; China Telecom, Beijing, China; China Telecom, Beijing, China; China Telecom, Beijing, China",2023 4th International Conference on Computer Engineering and Application (ICCEA),"1 Jun 2023","2023","","","52","55","Many applications deployed in the cloud are typically refactored as widgets in microservices, and these components run as containers in a Kubernetes environment. The containers then run on clusters of physical servers that interoperate with the data center network. With this deployment, a large number of microservice containers running comes with resource consumption. The prevailing management architecture of microservices deepens this resource consumption on physical servers and increases network latency. We believe that this scenario could be further optimized. In this paper, we argue for an improved service mesh architecture design (compared to the traditional one). It reduces the resource consumption and improves the performance of deployed microservice applications, while providing some end-to-end visibility to debug problems that occur in microservices. We present the design and provide preliminary implementation details using eBPF technology to illustrate the feasibility of the system.","2159-1288","979-8-3503-4754-8","10.1109/ICCEA58433.2023.10135394","","https://ieeexplore.ieee.org/stamp/stamp.jsp?arnumber=10135394","component;eBPF;service mesh;micro service","Microservice architectures;Computer architecture;Complex networks;Switches;Containers;Reliability engineering;Servers","","","","7","IEEE","1 Jun 2023","7-9 April 2023","7-9 April 2023","IEEE","IEEE Conferences"
"NetMARKS: Network Metrics-AwaRe Kubernetes Scheduler Powered by Service Mesh","Ł. Wojciechowski; K. Opasiak; J. Latusek; M. Wereski; V. Morales; T. Kim; M. Hong","Samsung R&D Institute Poland, Samsung Electronics Co., Ltd., Warsaw, Poland; Samsung R&D Institute Poland, Samsung Electronics Co., Ltd., Warsaw, Poland; Samsung R&D Institute Poland, Samsung Electronics Co., Ltd., Warsaw, Poland; Samsung R&D Institute Poland, Samsung Electronics Co., Ltd., Warsaw, Poland; Samsung Research America, Samsung Electronics Co., Ltd., Mountain View, CA, USA; Samsung Research, Samsung Electronics Co., Ltd., Seoul, Korea; Samsung Research, Samsung Electronics Co., Ltd., Seoul, Korea",IEEE INFOCOM 2021 - IEEE Conference on Computer Communications,"26 Jul 2021","2021","","","1","9","Container technology has revolutionized the way software is being packaged and run. The telecommunications industry, now challenged with the 5G transformation, views containers as the best way to achieve agile infrastructure that can serve as a stable base for high throughput and low latency for 5G edge applications. These challenges make optimal scheduling of performance-sensitive containerized workflows a matter of emerging importance. Meanwhile, the wide adoption of Kubernetes across industries has placed it as a de-facto standard for container orchestration. Several attempts have been made to improve Kubernetes scheduling, but the existing solutions either do not respect current scheduling rules or only considered a static infrastructure viewpoint.To address this, we propose NetMARKS - a novel approach to Kubernetes pod scheduling that uses dynamic network metrics collected with Istio Service Mesh. This solution improves Kubernetes scheduling while being fully backward compatible. We validated our solution using different workloads and processing layouts. Based on our analysis, NetMARKS can reduce application response time up to 37 percent and save up to 50 percent of inter-node bandwidth in a fully automated manner. This significant improvement is crucial to Kubernetes adoption in 5G use cases, especially for multi-access edge computing and machine-to-machine communication.","2641-9874","978-1-6654-0325-2","10.1109/INFOCOM42981.2021.9488670","","https://ieeexplore.ieee.org/stamp/stamp.jsp?arnumber=9488670","Kubernetes;Network Statistics;Scheduling;Service Mesh;Latency;Interoperability;5G;Containerized Network","Measurement;Job shop scheduling;5G mobile communication;Layout;Clustering algorithms;Optimal scheduling;Containers","","80","","41","IEEE","26 Jul 2021","10-13 May 2021","10-13 May 2021","IEEE","IEEE Conferences"
"Development and Evaluation of Information-Centric Service Mesh Using NDN Function Chaining","H. Saito; K. Kanai; H. Nakazato","Dept. of Computer Science and Engineering, Waseda University, Tokyo, Japan; School of Engineering, The University of Tokyo, Tokyo, Japan; Faculty of Science and Engineering, Waseda University, Tokyo, Japan",2024 IEEE 21st Consumer Communications & Networking Conference (CCNC),"18 Mar 2024","2024","","","222","227","The post-5th generation of mobile communications, Beyond 5G (B5G), receives attention and is being developed in countries. In Japan, B5G is expected to be the backbone of a future society that achieves economic development and the resolution of social issues. To achieve that, we need a mechanism for B5G to make all devices work together “autonomously” without human intervention. To achieve this autonomy, it is necessary to have an approach to network management and control that can perform without the complexity of networks due to the increased number of diverse services and technology to coordinate devices on the networks. Thus, we propose an Information-Centric Service Mesh (IC-SM) that offers dynamic name-based routing to cloud-native service mesh. We clarify the scalability issue of IC-SM to compare the performance of four network function disaggregation patterns.","2331-9860","979-8-3503-0457-2","10.1109/CCNC51664.2024.10454719","NICT(grant numbers:05601); ","https://ieeexplore.ieee.org/stamp/stamp.jsp?arnumber=10454719","Beyond 5G;Named Data Networking;Service Function Chaining;Cloud-Native;Service Mesh","Performance evaluation;Economics;Scalability;Memory management;Containers;Routing;Load management","","1","","17","IEEE","18 Mar 2024","6-9 Jan. 2024","6-9 Jan. 2024","IEEE","IEEE Conferences"
"An Open Interconnection System for Computing Power Based on Service Mesh","J. Liu; H. Xiong; C. Yan","Beijing Jiaotong University, Beijing, China; Beijing Jiaotong University, Beijing, China; Beijing Jiaotong University, Beijing, China","2025 IEEE 5th International Conference on Power, Electronics and Computer Applications (ICPECA)","27 Mar 2025","2025","","","266","269","In recent years, with the accelerated pace of digitalization, computing power has emerged as a key infrastructure supporting the development of the digital economy and has become a new engine driving economic and social progress. To promote the deep integration of computing power and network resources while providing users with a ubiquitous and consistent computing service experience, the concept of the computing power network has emerged. However, how to meet the requirements of the computing power network for coordinated planning and efficient adaptation of computing and network resources has become a current research focus. Therefore, this paper designs and implements a Service Mesh-based computing power open interconnection system to promote large-scale interconnectivity and network computing integration. The system supports automatic registration, discovery, and updating of computing power services, offering a transparent and efficient invocation mechanism. It features visualization tools for real-time resource monitoring and service interaction.","","979-8-3315-3369-4","10.1109/ICPECA63937.2025.10928796","National Key Research and Development Program of China(grant numbers:2018YFB1702001); ","https://ieeexplore.ieee.org/stamp/stamp.jsp?arnumber=10928796","Computing Power;Service Mesh;Kubernetes;Istio","Visualization;Computer applications;Routing;Real-time systems;Power electronics;Systems support;Planning;Monitoring;Engines;Testing","","","","10","IEEE","27 Mar 2025","17-19 Jan. 2025","17-19 Jan. 2025","IEEE","IEEE Conferences"
"Improving the Security of Service Mesh in Kubernetes","A. Javadpour; F. Ja'fari; T. Taleb; C. Benzaïd; L. Rosa; L. Cordeiro","ICTFICIAL Oy, Espoo, Finland; Department of Computer Engineering, Sharif University of Technology, Iran; Faculty of Electrical Engineering and Information Technology, Ruhr University Bochum, Bochum, Germany; Faculty of Information Technology and Electrical Engineering, University of Oulu, Oulu, Finland; OneSource, Consultoria Informática, Portugal; OneSource, Consultoria Informática, Portugal",2025 IEEE 31th International Conference on Parallel and Distributed Systems (ICPADS),"14 Jan 2026","2025","","","1","8","Bringing flexibility and scalability to 5G networks has expanded networking technology to facilitate the split of service into microservices and how they can communicate. The network layer dedicated to this communication is called service mesh, and it has become a new target for cyber adversaries. The existing service mesh infrastructures, such as Istio and NGINX, apply the mutual TLS (mTLS) protocol to the connections in the service mesh layer to protect the confidentiality of the data transferred in this layer. However, the main challenge of implementing mTLS is its resource restriction, which significantly conflicts with the scalability and flexibility goals. Therefore, this paper proposes an Encryption as a Service (EaaS) framework that can be implemented on Kubernetes, mitigating man-in-themiddle, (distributed) denial of service, and eavesdropping attacks against service mesh. The implementation results show that the proposed framework decreases the adversary's success rate by at least 45% compared to the cases of having microservices apply the cryptographic processes by themselves.","2690-5965","979-8-3315-4901-5","10.1109/ICPADS67057.2025.11322999","","https://ieeexplore.ieee.org/stamp/stamp.jsp?arnumber=11322999","Kubernetes;Service Mesh;Encryption as a Service (EaaS);Security","Machine learning algorithms;Protocols;5G mobile communication;Scalability;Microservice architectures;Machine learning;Encryption;Computer crime;Eavesdropping","","","","12","IEEE","14 Jan 2026","14-18 Dec. 2025","14-18 Dec. 2025","IEEE","IEEE Conferences"
"Vulnerability Assessment of Service Mesh-Based Microservices Having Workflow Dependencies","S. K; S. T. P","CSE Dept., National Institute of Technology Karnataka, Surathkal, India; CSE Dept., National Institute of Technology Karnataka, Surathkal, India","2025 IEEE International Conference on Distributed Computing, VLSI, Electrical Circuits and Robotics (DISCOVER)","2 Dec 2025","2025","","","189","194","Microservice architecture, widely used for scalable cloud-native applications, involves complex interdependencies among loosely coupled services, which impact the performance and availability. Service mesh frameworks are introduced to manage these interactions through systematically implemented control mechanisms such as rate limiting, circuit breaking, and load balancing. However, the majority of existing research predominantly focuses on minimizing service coupling during microservice design and implementation, rather than examining the performance implications of dependency-induced architectural flaws. Moreover, fault injection techniques crucial for resilience testing are not addressed in the present literature. The improper utilization of interdependencies across microservices in increasingly larger and more complex applications undermines system availability and performance. The proposed approach addresses the impact of workflow dependency-based requests on system availability by carefully crafting requests using the OAS document of RESTful services and exploiting the design and implementation of anti-patterns in microservices. The experimental findings reveal that even in the presence of load balancing and rate-limiting mechanisms, workflow dependencies can exhaust the resources, making the services unavailable to legitimate users. The results show that workflow dependency requests are well-written and cause denial-of-service attacks on microservices that implement the service mesh architecture.","","979-8-3315-3898-9","10.1109/DISCOVER66922.2025.11258913","","https://ieeexplore.ieee.org/stamp/stamp.jsp?arnumber=11258913","Microservices;Service mesh;Workflow Dependencies;Kubernetes;OpenAPI Specification","Microservice architectures;Computer architecture;Logic gates;Very large scale integration;Load management;Denial-of-service attack;Circuit faults;Integrated circuit modeling;Resilience;Testing","","","","15","IEEE","2 Dec 2025","17-18 Oct. 2025","17-18 Oct. 2025","IEEE","IEEE Conferences"
"eBPF-Enhanced Complete Observability Solution for Cloud-native Microservices","B. Sharma; D. Nadig","Dept. of Computer and Information Technology, Purdue University, West Lafayette, IN; Dept. of Computer and Information Technology, Purdue University, West Lafayette, IN",ICC 2024 - IEEE International Conference on Communications,"20 Aug 2024","2024","","","1980","1985","Microservices have emerged as a popular pattern for developing large-scale applications in cloud environments for their flexibility, scalability, and agility benefits. Furthermore, orchestration services like Kubernetes have simplified the deployment of cloud-native applications. However, monitoring and debugging these complex networked applications has become increasingly challenging, creating additional overheads. Traditionally, observability or monitoring requires developers to instrument their applications to expose metrics, logs, and traces using language-restricted libraries. This approach does not work well in a multi-tenant cloud environment as it cannot monitor processes or containers that are not instrumented or hidden. A critical challenge is managing complexity by consistently instrumenting multiple microservices across application platforms and programming languages. Hence, there is a need for a low-overhead cloud-native solution that provides complete observability for distributed and containerized environments. eBPF is a Linux VM technology that can instrument the host kernel directly and provides out-of-the-box cloud-native observability with negligible performance overheads. This paper proposes an eBPF-based solution that offers complete observability for cloudnative deployments. Further, we compare the performance and effectiveness of our solution with popular observability agents like Node Exporter and cAdvisor. We show that our proposed solution reduces CPU overheads by up to 210 times while requiring up to 159 % less memory than the alternatives. Lastly, we deploy and test our solution on a Chameleon cloud bare metal testbed.","1938-1883","978-1-7281-9054-9","10.1109/ICC51166.2024.10622329","","https://ieeexplore.ieee.org/stamp/stamp.jsp?arnumber=10622329","eBPF;Observability;Kubernetes;Service Mesh","Measurement;Instruments;Scalability;Microservice architectures;Metals;Containers;Telemetry","","11","","18","IEEE","20 Aug 2024","9-13 June 2024","9-13 June 2024","IEEE","IEEE Conferences"
"Cloud-Native Service Mesh Readiness for 5G and Beyond","S. Aldas; A. Babakian","Intel Corporation, Santa Clara, CA, USA; VMware Inc., Palo Alto, CA, USA",IEEE Access,"30 Nov 2023","2023","11","","132286","132295","The 3GPP has defined the 5G network infrastructure differently from earlier generations, utilizing a Service-Based Architecture (SBA) to accommodate scalability and ensure cost-effectiveness in a cloud and microservices-friendly design. Each 5G Network Function (NF) operates as a service, seamlessly scaling to support an on-demand load and latency requirements. However, this introduces significant complexity to the infrastructure due to an influx of messages across 5G services, making request handling and resiliency challenging. While the 3GPP has provided guidelines and recommendations to address this complexity, it is left to the vendors to develop a working model and design choices within the cloud-native framework. This paper explores the intricate challenges that 5G encounters within the current cloud-native deployment landscapes, with a focus on service-to-service communication, service discovery, and network programmability. It highlights the essential role of Service Mesh in fulfilling 3GPP’s vision, proposing enhancements tailored for 5G deployment scenarios. In addition, this work provides architectural guidance for enhancing Service Mesh frameworks to support 5G Core Signalling, extending the Envoy proxy to meet 5G’s unique semantic requirements. Finally, this paper sheds light on the future requirements for developing optimal Service Mesh infrastructure that minimizes performance implications while maintaining seamless scalability for cloud-native environments.","2169-3536","","10.1109/ACCESS.2023.3335994","","https://ieeexplore.ieee.org/stamp/stamp.jsp?arnumber=10327727","Cloud-native;3GPP;5G core;network functions virtualization;service communication proxy;service mesh;service discovery;identifier system","5G mobile communication;Noise measurement;3GPP;Microservice architectures;Routing;Scalability;Computer architecture;Service computing;Cloud computing","","17","","22","CCBYNCND","23 Nov 2023","2023","","IEEE","IEEE Journals"
"DataXc: Flexible and efficient communication in microservices-based stream analytics pipelines","G. Coviello; K. Rao; C. G. De Vita; G. Mellone; S. Chakradhar","NEC Laboratories America, Inc., Princeton, NJ; NEC Laboratories America, Inc., Princeton, NJ; NEC Laboratories America, Inc., Princeton, NJ; NEC Laboratories America, Inc., Princeton, NJ; NEC Laboratories America, Inc., Princeton, NJ","2022 IEEE Intl Conf on Dependable, Autonomic and Secure Computing, Intl Conf on Pervasive Intelligence and Computing, Intl Conf on Cloud and Big Data Computing, Intl Conf on Cyber Science and Technology Congress (DASC/PiCom/CBDCom/CyberSciTech)","13 Dec 2022","2022","","","1","9","A big challenge in changing a monolithic application into a performant microservices-based application is the design of efficient mechanisms for microservices to communicate with each other. Prior proposals range from custom point-to-point communication among microservices using protocols like gRPC to service meshes like Linkerd to a flexible, many-to-many communication using broker-based messaging systems like NATS. We propose a new communication mechanism, DataXc, that is more efficient than prior proposals in terms of message latency, jitter, message processing rate and use of network resources. To the best of our knowledge, DataXc is the first communication design that has the desirable flexibility of a broker-based messaging systems like NATS and the high-performance of a rigid, custom point-to-point communication method.DataXc proposes a novel ""pull"" based communication method (i.e consumers fetch messages from producers). This is unlike prior proposals like NATS, gRPC or Linkerd, all of which are ""push"" based (i.e. producers send messages to consumers). Such communication methods make it difficult to take advantage of differential processing rates of consumers like video analytics tasks. In contrast, DataXc proposes a ""pull"" based design that avoids unnecessary communication of messages that are eventually discarded by the consumers. Also, unlike prior proposals, DataXc successfully addresses several key challenges in streaming video analytics pipelines like non-uniform processing of frames from multiple cameras, and high variance in latency of frames processed by consumers, all of which adversely affect the quality of insights from streaming video analytics.We report results on two popular real-world, streaming video analytics pipelines (video surveillance, and video action recognition). Compared to NATS, DataXc is just as flexible, but it has far superior performance: upto 80% higher processing rate, 3X lower latency, 7.5X lower jitter and 4.5X lower network bandwidth usage. Compared to gRPC or Linkerd, DataXc is highly flexible, achieves up to 2X higher processing rate, lower latency and lower jitter, but it also consumes more network bandwidth.","","978-1-6654-6297-6","10.1109/DASC/PiCom/CBDCom/Cy55231.2022.9927837","","https://ieeexplore.ieee.org/stamp/stamp.jsp?arnumber=9927837","microservices;video analytics;real-time;communication;gRPC;Linkerd;NATS;DataX","Visual analytics;Pipelines;Microservice architectures;Bandwidth;Jitter;Streaming media;Video surveillance","","2","","23","IEEE","13 Dec 2022","12-15 Sept. 2022","12-15 Sept. 2022","IEEE","IEEE Conferences"
"Architectural Trade-off Analysis of Modern Service Mesh Designs: A Qualitative ATAM Study","P. Josyula; A. Kumar","Principal Member of Technical Staff Salesforce, San Francisco, USA; Lead Member of Technical Staff Salesforce, San Francisco, USA","2025 2nd International Conference on Computational Intelligence, Communication Technology and Networking (CICTN)","26 Mar 2025","2025","","","873","880","Modern cloud native applications are highly dependent on service mesh designs, which provide solutions for communication, security, and observability. Architectural decisions for service mesh implementations involve numerous trade-offs that affect system quality. This study analyzes three popular service mesh architectures: Istio, Linkerd, and Consul Connect, using the Architecture Tradeoff Analysis Method (ATAM), we created a utility tree that considers essential quality attributes such as security, maintenance, reliability, and operability. Our analysis identifies important areas of sensitivity where architectural changes have a significant impact on quality attributes, as well as trade-off points where increasing one attribute affects others. Our research identifies common trends in how service mesh designs handle opposing requirements, including proxy deployment, control plane distribution, and configuration management approaches. Our analysis shows that, while all systems prioritize security and observability, they differ dramatically in how they handle the complexity-flexibility trade-off. This analysis offers a systematic approach for software architects to evaluate service mesh designs and understand their trade-offs, leading to better architectural decisions in microservices environments.","","979-8-3315-3038-9","10.1109/CICTN64563.2025.10932541","","https://ieeexplore.ieee.org/stamp/stamp.jsp?arnumber=10932541","Service mesh;software architecture evaluation;ATAM;microservices;Kubernetes architectural trade-offs;cloud-native architecture;distributed systems;service-to-service communication;software quality attributes;architectural patterns","Systematics;Sensitivity;Standards organizations;Microservice architectures;Computer architecture;Organizations;Standardization;Market research;Security;Observability","","","","17","IEEE","26 Mar 2025","6-7 Feb. 2025","6-7 Feb. 2025","IEEE","IEEE Conferences"
"Interference Detection of Colocation Workloads in Cloud Sidecar Clusters","R. Gao; K. Ye","Southern University of Science and Technology; CAS, Shenzhen Institute of Advanced Technology",2023 International Conference on High Performance Big Data and Intelligent Systems (HDIS),"17 Apr 2024","2023","","","29","33","In modern microservice architecture, the colo cation of online and offline services is becoming increasingly prevalent. While the Istio service mesh, with its sidecar proxy model, facilitates the orchestration, monitoring, and security of microser-vices. However, the colocation of diverse workloads can lead to interference issue, affecting the performance and reliability of the system. This paper presents a novel interference detection mechanism tailored for colocation deployments on mesh sidecar clusters. Our approach leverages the robust observability and traffic control features provided by service mesh to monitor and analyze the behavior of services in real-time, identifying interference scenarios and their impact on service performance. We have carried out the colocation interference experiment, and the relevant metrics are collected and analyzed. In addition, we proposed an interference detection algorithm based on HBOS algorithm to classify experimental data. Experimental results show that our detection algorithm has a high accuracy.","","979-8-3503-9416-0","10.1109/HDIS60872.2023.10499586","","https://ieeexplore.ieee.org/stamp/stamp.jsp?arnumber=10499586","Interference detection;Workload colocation;CPI;Service Mesh;Sidercar","Measurement;Microservice architectures;Interference;Traffic control;Real-time systems;Security;Reliability","","","","10","IEEE","17 Apr 2024","6-8 Dec. 2023","6-8 Dec. 2023","IEEE","IEEE Conferences"
"Service Management in Virtual Machine and Container Mixed Environment using Service Mesh","H. Lim; Y. Kim; K. Sun","School of Eletronic Engineering, Soongsil University, Seoul, Republic of Korea; School of Eletronic Engineering, Soongsil University, Seoul, Republic of Korea; School of Eletronic Engineering, Soongsil University, Seoul, Republic of Korea",2021 International Conference on Information Networking (ICOIN),"2 Feb 2021","2021","","","528","530","The microservice architecture is an architectural style in which a service focused on performing one function is divided into independent and deployable small units of service, linked with other services through API, and independently developed and operated. However, in the communication between APIs, additional functions are required for communication between microservices such as load balancing and logging. This can be solved through service mesh, but currently service mesh only considers the container environment, so additional design is required for a structure that can manage virtual machines in the service mesh structure. In this paper, we propose a structure for deploying and managing microservices in a container and virtual machine mixed environment using service mesh.","1976-7684","978-1-7281-9101-0","10.1109/ICOIN50884.2021.9333888","","https://ieeexplore.ieee.org/stamp/stamp.jsp?arnumber=9333888","MSA;Istio;Tacker;OpenStack;Kubernetes","Containers;Load management;Virtual machining","","5","","8","IEEE","2 Feb 2021","13-16 Jan. 2021","13-16 Jan. 2021","IEEE","IEEE Conferences"
"Research on Architecture of Internet of Things Platform Based on Service Mesh","X. He; F. Deng","Laboratory of Multimedia Telecommunication and Security, Beijing University of Posts and Telecommunications, Beijing, China; Laboratory of Multimedia Telecommunication and Security, Beijing University of Posts and Telecommunications, Beijing, China",2020 12th International Conference on Measuring Technology and Mechatronics Automation (ICMTMA),"30 Mar 2020","2020","","","755","759","Internet of Things is one of the hottest information technologies in recent years, and the Internet of Things platform, as a connecting hub between devices and applications, plays an important role in Internet of Things applications. Traditional IoT platforms use SOA architecture for development. However, with the rapid growth of the scale and diversity of IoT applications, such architectures can no longer meet the requirements of the Internet of Things for agile development and rapid iteration. Therefore, based on container technology, container orchestration technology and service mesh, this paper proposes a microservice architecture model suitable for building IoT platform. After experimenting and testing, the result proves that the architecture design has good performance and is suitable as an architectural mode of the Internet of Things platform.","2157-1481","978-1-7281-7081-7","10.1109/ICMTMA50254.2020.00164","","https://ieeexplore.ieee.org/stamp/stamp.jsp?arnumber=9050392","Service Mesh;Microservice;IoT Platform;Network Proxy","Mechatronics;Automation;Architecture;Buildings;Microservice architectures;Containers;Internet of Things","","6","","14","IEEE","30 Mar 2020","28-29 Feb. 2020","28-29 Feb. 2020","IEEE","IEEE Conferences"
"A Service Mesh-Driven Continuous Delivery Strategy for Microservices with Intelligent Decision Models","W. Zhang; X. Ji; H. Li; Y. Mao; Z. Yang; F. Peng; J. Wang","Big Data Center, State Grid Corporation of China, Beijing, China; Big Data Center, State Grid Corporation of China, Beijing, China; Big Data Center, State Grid Corporation of China, Beijing, China; Big Data Center, State Grid Corporation of China, Beijing, China; Big Data Center, State Grid Corporation of China, Beijing, China; Big Data Center, State Grid Corporation of China, Beijing, China; BUAA Research Institute Co., Ltd., Beijing, China","2025 2nd International Conference on Machine Learning, Pattern Recognition and Automation Engineering (MLPRAE)","18 Dec 2025","2025","","","170","175","With the rise of cloud-native technologies, containers, microservices, and service mesh have become the foundation of digital business transformation. Unlike traditional monolithic systems, microservice architecture enables finer service granularity, higher availability, and stronger scalability, yet it also brings challenges for efficient continuous delivery under massive and frequent updates. To address this, this paper investigates the design and implementation of a continuous delivery strategy based on service mesh. We first propose a multi-indicator evaluation model using a multivariate sigmoid function and an intelligent decision-making model based on Thompson sampling, which integrates service performance evaluation with delivery decisions to support multi-version, multi-indicator scenarios and enhance automation. Furthermore, we develop service mesh-based tools for traffic control, including customizable routing rules through proxy container mode, traffic injection with parameterized settings, and service call relationship discovery for visualized control. Finally, we design a microservice platform controller for declarative management of delivery experiments, together with a Git-based synchronization repository and a GitOps-driven workflow covering deployment, updates, and decision-making. Overall, the proposed approach improves the accuracy of performance evaluation, optimizes resource usage, strengthens traffic flexibility and visualization, and achieves efficient, reliable, and automated continuous delivery for microservice applications.","","978-1-6654-5742-2","10.1109/MLPRAE67267.2025.11290917","State Grid Corporation of China; ","https://ieeexplore.ieee.org/stamp/stamp.jsp?arnumber=11290917","Continuous Delivery;Microservices;Service Mesh;Intelligent Decision","Visualization;Automation;Accuracy;Scalability;Evaluation models;Decision making;Microservice architectures;Containers;Traffic control;Synchronization","","","","41","IEEE","18 Dec 2025","26-28 Sept. 2025","26-28 Sept. 2025","IEEE","IEEE Conferences"
"HEART: Heterogeneous-Aware Traffic Allocation in Multi-Replica Deployments on Kubernetes","H. Park; D. Kim; H. Kim; G. Lim; H. Yu","Dept. of Computer Science and Engineering, Korea University, Seoul, Korea; Dept. of Computer Science and Engineering, Korea University, Seoul, Korea; Dept. of Computer Science and Engineering, Korea University, Seoul, Korea; Dept. of Computer Science and Engineering, Korea University, Seoul, Korea; Dept. of Computer Science and Engineering, Korea University, Seoul, Korea",2025 IEEE 18th International Conference on Cloud Computing (CLOUD),"20 Aug 2025","2025","","","409","419","Traffic scheduling for microservices in emerging edge-cloud environments is challenged by heterogeneous node performance and varying inter-node latencies. Inefficient scheduling among replicas may lead to replica overload and excessive communication overhead, ultimately degrading Quality of Service (QoS) metrics-specifically, the 99th percentile tail latency(P99 latency). To address these challenges, we introduce HEART, a novel two-stage traffic scheduler that jointly accounts for node heterogeneity and network latency. In Stage 1, HEART computes per-replica traffic proportions using a sliding window and an exponentially weighted moving average of CPU usage and request rates, thereby capturing recent load trends. In Stage 2, HEART applies k-means clustering to inter-node latency measurements to identify and prune high-latency links, which in turn reduces communication delays. A Maximum Flow algorithm is subsequently employed to verify whether the pruned network supports the required traffic flow; if the reduced network proves insufficient, additional links are incrementally reinstated until a feasible configuration is achieved. Finally, a Minimum-Cost Flow algorithm-selected for its proven optimality in network flow allocation-is applied to distribute traffic cost-effectively across the network. Experimental results demonstrate that HEART significantly reduces the P99 latency compared to existing approaches such as the default Kubernetes scheduler, the Least- Request algorithm of Istio, OptTraffic, and LATA, thereby enhancing overall QoS.","2159-6190","979-8-3315-5557-3","10.1109/CLOUD67622.2025.00048","","https://ieeexplore.ieee.org/stamp/stamp.jsp?arnumber=11120595","Edge-Cloud computing;Heterogeneous environments;Kubernetes;Microservice;Traffic scheduling","Heart;Cloud computing;Processor scheduling;Microservice architectures;Quality of service;Telecommunication traffic;Market research;Load management;Resource management;Communication switching","","","","32","IEEE","20 Aug 2025","7-12 July 2025","7-12 July 2025","IEEE","IEEE Conferences"
"Research and Implementation of Online Judgment System Based on Micro Service","Z. Yu; J. Han; T. Zhao; N. Tian; J. Wang","School of Information Science and Engineering, Hebei University of Science and Technology, Shijiazhuang, China; School of Information Science and Engineering, Hebei University of Science and Technology, Shijiazhuang, China; School of Information Science and Engineering, Hebei University of Science and Technology, Shijiazhuang, China; School of Information Science and Engineering, Hebei University of Science and Technology, Shijiazhuang, China; School of Information Science and Engineering, Hebei University of Science and Technology, Shijiazhuang, China",2019 IEEE 10th International Conference on Software Engineering and Service Science (ICSESS),"19 Mar 2020","2019","","","475","478","Since the OJ (Online Judgment) system began to be used, the Internet has continued to develop as demand. As a result, higher requirements are placed on the function, performance and scalability of the system. Based in part on the shortcomings of the existing OJ system, this paper puts forward the research and implementation of a kind of OJ system based on micro service; Expounds on the functions and related knowledge of the system; Gives the implementation method, and describes in detail the two key technologies used to deal with malicious code and high concurrency. The system uses the judge machine as a stand-alone module. This module creates micro services using Docker, ensures system security through Docker isolation and runtime and memory limitations, implements Docker Monitoring and system load balancing using Consul, Haproxy, Telegraf and elastic scripts. After the test system is running, the effect is good. The system has certain guiding significance for practical application.","2327-0594","978-1-7281-0945-9","10.1109/ICSESS47205.2019.9040684","","https://ieeexplore.ieee.org/stamp/stamp.jsp?arnumber=9040684","Online Judge;Micro service;Docker;High concurrency;Consul;Haproxy;Telegraf","Containers;Concurrent computing;Load management;Security;Software;Computer languages;Business","","1","","20","IEEE","19 Mar 2020","18-20 Oct. 2019","18-20 Oct. 2019","IEEE","IEEE Conferences"
"A Design of Service Mesh Based 5G Core Network Using Cilium","V. -B. Duong; Y. Kim","School of Electronic Engineering, Soongsil University, Seoul, Korea; School of Electronic Engineering, Soongsil University, Seoul, Korea",2023 International Conference on Information Networking (ICOIN),"22 Feb 2023","2023","","","25","28","In this paper, we propose a Service Mesh based 5G Core network using Cillium container network interface (CNI) plugin. The Service Mesh technology could improve the security and observability of the 5G Core (5GC) network. The proposed design uses the Cillium to improve the performance of Service Mesh applied to the 5Gc network. The proposed design is compared with the normal design by qualitative characteristics.","1976-7684","978-1-6654-6268-6","10.1109/ICOIN56518.2023.10049044","","https://ieeexplore.ieee.org/stamp/stamp.jsp?arnumber=10049044","5G;5GC;Service Mesh","5G mobile communication;Containers;Security;Network interfaces;Observability;Secure storage","","11","","9","IEEE","22 Feb 2023","11-14 Jan. 2023","11-14 Jan. 2023","IEEE","IEEE Conferences"
"Microservices Architecture in Fintech: A Case Study on Scalable Loan Processing with Classical Design Patterns","M. R. Elrashidy; H. Mansour","Faculty of Computer Science, MSA University, Cairo, Egypt; Faculty of Computer Science, MSA University, Cairo, Egypt","2025 Intelligent Methods, Systems, and Applications​ (IMSA)","24 Sep 2025","2025","","","382","387","Digital transformation in financial services, fueled by real-time payments, buy-now-pay-later (BNPL) offerings, and open banking APIs, intensifies the imperative for credit platforms to achieve rapid and secure feature releases while adhering to stringent regulatory demands. However, empirical evidence detailing the adoption of microservices within regulated fintech remains limited. This paper presents an in-depth single-organization case study of a medium-sized consumer finance lender that migrated its monolithic Node/Spring architecture to domain-driven microservices between Q4 2023 and Q3 2024. Employing a mixed-methods approach—analyzing Application Performance Monitoring (APM) traces, Git/GitHub workflow metrics, and conducting 12 semi-structured interviews with engineers—we evaluated the migration outcomes and the strategic application of four classical design patterns: Factory, Observer, Repository, and Saga. Key findings reveal significant improvements: median deployment lead time decreased by 85% (from 3 days to 45 minutes), 95th percentile API latency reduced by 77% (from 480 ms to 110 ms), and throughput capacity increased 4.3-fold to 10,000 requests per second. The Factory pattern eliminated 40% of decision-tree branching, the Observer pattern enabled a 5× horizontal fan-out for parallel processing, while the Repository pattern introduced a manageable 7 ms latency overhead, cacheable in 92% of calls. The study highlights a crucial trade-off between a ≈30% increase in operational observability costs and the enhanced agility required for near real-time regulatory adjustments. Ultimately, this research provides a pattern-centric blueprint for similar migrations and identifies key areas for future investigation, including zero-trust service meshes, AI-driven credit scoring, and formal verification of cross-service sagas.","","979-8-3315-0186-0","10.1109/IMSA65733.2025.11167186","","https://ieeexplore.ieee.org/stamp/stamp.jsp?arnumber=11167186","Fintech;Microservices;Design Patterns;Loan Processing;Scalability","Open banking;Fintech;Scalability;Microservice architectures;Observers;Parallel processing;Throughput;Real-time systems;Production facilities;Observability","","","","12","IEEE","24 Sep 2025","12-13 July 2025","12-13 July 2025","IEEE","IEEE Conferences"
"Self-Adaptive Circuit Breaker Open-State Interval for Enhancing Resiliency of Microservices","K. Sivakumar; J. Sebastian; P. S. Thilagam","Computer Science and Engineering Department, National Institute of Technology, Surathkal, India; Computer Science and Engineering Department, National Institute of Technology, Surathkal, India; Computer Science and Engineering Department, National Institute of Technology, Surathkal, India",2024 OITS International Conference on Information Technology (OCIT),"29 Apr 2025","2024","","","754","759","In recent years, microservice architecture has garnered substantial traction, highlighting the critical role of resilience patterns in ensuring robust system performance under adverse conditions. Among the principal techniques for failure management within microservices is the circuit breaker pattern, a vital component for maintaining system integrity. Enhancing its resilience continues to be a significant challenge. Various methodologies have been proposed to optimize circuit breakers by tweaking different parameters. However, the open state interval parameter—during which dependent services await the recovery of the disrupted service—has traditionally remained static. This work tackles this issue by introducing a dynamic adjustment mechanism for the open-state interval of circuit breakers. The empirical results indicate that this dynamic adjustment significantly boosts the number of successful requests by optimizing resource allocation, enhancing throughput, and mitigating cascading failures across service replicas. By adapting the open state interval in response to real-time conditions, the system can better manage variable loads and failures, thereby improving overall performance and stability in microservice architectures.","","979-8-3315-1040-4","10.1109/OCIT65031.2024.00136","","https://ieeexplore.ieee.org/stamp/stamp.jsp?arnumber=10973647","Microservice;Service Mesh;Istio;Prometheus;Circuit Breaker;Response Time;Resilience;Retry","Circuit breakers;System performance;Microservice architectures;Reinforcement learning;Throughput;Stability analysis;Time factors;Resource management;Research and development;Resilience","","1","","9","IEEE","29 Apr 2025","12-14 Dec. 2024","12-14 Dec. 2024","IEEE","IEEE Conferences"
"Reinforcement Learning Based Scheme for On-Demand Vehicular Fog Formation and Micro Services Placement","A. Nsouli; A. Mourad; W. El-Hajj","Department of Computer Science, American University of Beirut, Lebanon; Division of Science, New York University, Abu Dhabi, UAE; Department of Computer Science, American University of Beirut, Lebanon",2022 International Wireless Communications and Mobile Computing (IWCMC),"19 Jul 2022","2022","","","1244","1249","The high need of real-time vehicular applications for self-driving cars to maintain service availability and reachability, and to process huge amount of generated data within a small amount of time, rise the need to improve the vehicular network infrastructure. Fog computing has been introduced to reduce the amount of data sent to cloud by bringing processing power near the edge and reducing latency. In this paper, we overcome the aforementioned limitations by taking advantage of the evolvement of On-Board Units, Reinforcement Learning, Kubeadm Clustering, Docker Containerization, Istio service mesh, and micro-services technologies. We propose in our scheme (1) a service mesh architecture that manages communication between multiple micro services across different clusters and tackle inter-service communication, (2) a Reinforcement Learning model deployed on RSUs to predict on-demand placement of microservices. Experiments and simulations show that our method is more efficient in deploying microservices using the reinforcement learning model than other current strategies in the literature. Given that only needed microservices are deployed in limited resource cluster, mesh network shows an improvement in the deployment time and inter-service communication across clusters.","2376-6506","978-1-6654-6749-0","10.1109/IWCMC55113.2022.9824490","","https://ieeexplore.ieee.org/stamp/stamp.jsp?arnumber=9824490","Reinforcement Learning;Vehicular On-Boading Units (OBUs);Vehicular Fog Computing;Vehicular Edge Computing;Vehicular Clustering;Orchestration;Container;Micro-Services;Kubeadm;Docker;Istio Service Mesh","Wireless communication;Mesh networks;Image edge detection;Microservice architectures;Intrusion detection;Reinforcement learning;Predictive models","","6","","35","IEEE","19 Jul 2022","30 May-3 June 2022","30 May-3 June 2022","IEEE","IEEE Conferences"
"Energy-aware Service Mesh Deployment and Online Request Routing in Edge: a Hierarchical Deep Reinforcement Learning Approach","Y. Hu; J. Hu; Y. Yang; M. Hu; K. Peng; T. Zheng; C. Cai; Z. Xiong","Hubei Key Laboratory of Internet of Intelligence, School of Electronic Information and Communications, Huazhong University of Science and Technology, Wuhan, China; Hubei Key Laboratory of Internet of Intelligence, School of Electronic Information and Communications, Huazhong University of Science and Technology, Wuhan, China; Hubei Key Laboratory of Internet of Intelligence, School of Electronic Information and Communications, Huazhong University of Science and Technology, Wuhan, China; Hubei Key Laboratory of Internet of Intelligence, School of Electronic Information and Communications, Huazhong University of Science and Technology, Wuhan, China; Hubei Key Laboratory of Internet of Intelligence, School of Electronic Information and Communications, Huazhong University of Science and Technology, Wuhan, China; Department of Computer Science and Engineering, Southern University of Science and Technology, Shenzhen, China; College of Life Science and Technology, Huazhong University of Science and Technology, Wuhan, China; School of Electronics, Electrical Engineering and Computer Science, Queen's University, Belfast, U.K.",IEEE Transactions on Mobile Computing,"","2026","PP","99","1","18","Service meshes built upon ubiquitous microservice architectures, as an emerging paradigm, promise to enhance the flexibility, scalability, and portability of energy-consuming and latency-sensitive applications in edge with limited resources. However, due to intricate microservice dependencies, service multiplexing, and parallel distributed instances, microservice deployment and request routing are highly interdependent. To reduce response latency and energy consumption, such collaborative optimization for efficient service mesh orchestration is necessary, but significantly challenging. Besides, strict service level objective (SLO) requirements and f ine-grained latency analysis with multi-nest routing further impose great difficulties to online orchestration. When considering multi instance modeling and multi-hop data communications for numerous microservices, the difficulty is extremely amplified. Nevertheless, most prevailing work failed to design sophisticate models and methods for addressing the above difficulties, and ignored the inherent transmission energy consumption for highly-concurrent multi-hop data interactions. Therefore, this paper investigates the energy aware service mesh deployment and online request routing in edge. First, we establish a multi-instance queuing network model to accurately analyze the end-to-end response latency with complicated dependencies and multi-hop communications, and optimize energy consumption in a fine-grained manner. Then, to boost the overall performance, we design an efficient multi-dimensional hierarchical deep reinforcement learning algorithm, which enables edges and service instances to cooperate with each other to handle massively concurrent requests. Besides, we propose an energy-aware proactive autoscaling algorithm to carefully adapt to exceedingly dynamic scenarios. Finally, extensive experiments are performed to show our superior performance compared to other baselines.","1558-0660","","10.1109/TMC.2026.3674203","","https://ieeexplore.ieee.org/stamp/stamp.jsp?arnumber=11434939","Edge computing;service mesh;queuing networks;request routing;energy efficiency;deep reinforcement learning","Routing;Microservice architectures;Optimization;Energy consumption;Heuristic algorithms;Servers;Multiplexing;Energy conservation;Computer architecture;Computational modeling","","","","","IEEE","16 Mar 2026","","","IEEE","IEEE Early Access Articles"
"Large-Scale Service Mesh Orchestration With Probabilistic Routing in Cloud Data Centers","K. Peng; Y. Hu; H. Ding; H. Chen; L. Wang; C. Cai; M. Hu","Hubei Key Laboratory of Smart Internet Technology, School of Electronic Information and Communications, Huazhong University of Science and Technology, Wuhan, China; Hubei Key Laboratory of Smart Internet Technology, School of Electronic Information and Communications, Huazhong University of Science and Technology, Wuhan, China; Hubei Key Laboratory of Smart Internet Technology, School of Electronic Information and Communications, Huazhong University of Science and Technology, Wuhan, China; Hubei Key Laboratory of Smart Internet Technology, School of Electronic Information and Communications, Huazhong University of Science and Technology, Wuhan, China; Hubei Key Laboratory of Smart Internet Technology, School of Electronic Information and Communications, Huazhong University of Science and Technology, Wuhan, China; College of Life Science and Technology, Huazhong University of Science and Technology, Wuhan, China; Hubei Key Laboratory of Smart Internet Technology, School of Electronic Information and Communications, Huazhong University of Science and Technology, Wuhan, China",IEEE Transactions on Services Computing,"11 Apr 2025","2025","18","2","868","882","Service mesh architectures are emerging as a promising microservice paradigm for developing online cloud applications. However, in large-scale microservice scenarios, frequent service communications, intricate call dependencies, and stringent latency requirements bring great pressure to efficient service mesh orchestration. In this case, the problems of service deployment and request routing based on service mesh architectures are tightly-coupled and interdependent, and cannot be effectively optimized individually, enlarging the difficulty for collaborative orchestration. When microservice multiplexing, parallel dependencies, and multi-instance modeling are considered, the difficulty is further aggravated. Nonetheless, most existing work failed to propose appropriate models and methods for the above challenges. Therefore, this article studies the large-scale service mesh orchestration with probabilistic routing and constrained bandwidths for parallel call graphs. We leverage the open Jackson queuing network theory to capture crucial microservices and analyze request processing, queuing, and communication latency for massive user requests in a fine-grained way. Then, this article proposes an efficient three-stage heuristic, which achieves elegant multi-instance consolidation and probabilistic multi-queue routing to reduce response latency and cost. We also provide the algorithm complexity and mathematical analysis of the performance. Finally, extensive trace-driven experiments are performed to validate the superiority of our proposed algorithm over other baselines.","1939-1374","","10.1109/TSC.2025.3526373","National Science and Technology Major Project of China(grant numbers:2022ZD0117104); National Natural Science Foundation of China(grant numbers:62171189); Key Research and Development Program of Hubei Province(grant numbers:2022BAA038,2023BAB074,2024BAB016,2024BAB031); ","https://ieeexplore.ieee.org/stamp/stamp.jsp?arnumber=10847942","Services computing;queuing theory;service mesh;microservice orchestration;probabilistic routing;clouds","Microservice architectures;Routing;Costs;Optimization;Queueing analysis;Probabilistic logic;Multiplexing;Data centers;Collaboration;Resource management","","6","","45","IEEE","20 Jan 2025","March-April 2025","","IEEE","IEEE Journals"
"A Web-based Orchestrator for Dynamic Service Function Chaining Development with Kubernetes","Z. Wang; A. Bittar; C. Huang; C. -H. Lung; G. Shami","Department of Computer and System Engineering, Carleton University, Ottawa, Canada; Department of Computer and System Engineering, Carleton University, Ottawa, Canada; Department of Computer and System Engineering, Carleton University, Ottawa, Canada; Department of Computer and System Engineering, Carleton University, Ottawa, Canada; External Research, Office of CTO Ciena Corporation, Ottawa, Canada",2022 IEEE 8th International Conference on Network Softwarization (NetSoft),"3 Aug 2022","2022","","","234","236","The research community has been moving attention from Virtual Network Function (VNF) to Cloud-native Network Function (CNF) since cloudification has brought the Network Function Virtualization (NFV) to an advanced level. It has already been demonstrated that cloud-native technology brings high flexibility and efficiency to large-scale network service deployment compared to the traditional VNF with Virtual Machines (VMs). However, more work is needed to provide a flexible and reliable Service Function Chaining (SFC) development solution in a cloud-native environment. This paper proposes a web-based orchestrator system to deploy an SFC use case consisting of multiple CNFs in a multi-node Kubernetes cluster using Network Service Mesh (NSM). We demonstrate a cloud-native SFC framework that allows users to dynamically create container-based SFC rather than the traditional VMs with NFV/SDN controller approach. Further, additional work is presented with the support of an open-source monitoring system, Prometheus, to validate the SFC path.","2693-9789","978-1-6654-0694-9","10.1109/NetSoft54395.2022.9844086","","https://ieeexplore.ieee.org/stamp/stamp.jsp?arnumber=9844086","Cloud-native;Service Function Chaining;Network Service Mesh;Kubernetes;Prometheus","Cloud computing;Service function chaining;Conferences;Virtual machining;Network function virtualization;Reliability;Open source software","","8","","12","IEEE","3 Aug 2022","27 June-1 July 2022","27 June-1 July 2022","IEEE","IEEE Conferences"
"A Mirco-Service Tracing System Based on Istio and Kubernetes","M. Song; Q. Liu; H. E.","Department of Computer Science, Beijing University of Posts and Telecommunications, Beijing, China; Department of Computer Science, Beijing University of Posts and Telecommunications, Beijing, China; Department of Computer Science, Beijing University of Posts and Telecommunications, Beijing, China",2019 IEEE 10th International Conference on Software Engineering and Service Science (ICSESS),"19 Mar 2020","2019","","","613","616","In the development of micro-service architecture, fast error service location and the combing of service invocation chains are the key issues to be resolved. Otherwise, with the expansion of the system scale, the maintenance cost of the system will grow rapidly. Meanwhile, the existing tracing solution, such as Spring-Cloud, need a lot of modifications to the source code of the original system to embed, and the cost of modification is high. Based on this, this paper designs a micro-service tracing system based on Istio and container technology. This system can monitor and collect the calling information between micro-services in the micro-service architecture system. Through further analysis of this information, the duration of the single-step call and the dependence between services can also be discovered. At the same time, the tracing system has low code intrusion to the original system. Finally, we do experiments to prove that the tracing system has little impact on the performance of the original system.","2327-0594","978-1-7281-0945-9","10.1109/ICSESS47205.2019.9040783","","https://ieeexplore.ieee.org/stamp/stamp.jsp?arnumber=9040783","Mirco-service;Tracing System;Istio","Costs;Codes;Source coding;Machine learning;Containers;Topology;Maintenance;Monitoring;Software engineering;Business","","15","","13","IEEE","19 Mar 2020","18-20 Oct. 2019","18-20 Oct. 2019","IEEE","IEEE Conferences"
"5G-STREAM: Service Mesh Tailored for Reliable, Efficient and Authorized Microservices in the Cloud","T. O. Atalay; A. Famili; S. Maitra; D. Stojadinovic; A. Stavrou; H. Wang","Department of Electrical and Computer Engineering, Virginia Tech, USA; Department of Electrical and Computer Engineering, Virginia Tech, USA; Department of Electrical and Computer Engineering, Virginia Tech, USA; Kryptowire, LLC, McLean, VA, USA; Department of Electrical and Computer Engineering, Virginia Tech, USA; Department of Electrical and Computer Engineering, Virginia Tech, USA",2025 55th Annual IEEE/IFIP International Conference on Dependable Systems and Networks (DSN),"11 Jul 2025","2025","","","116","128","Existing registration, discovery, and authorization mechanisms in the 5G core control plane present scalability and efficiency challenges. As cellular deployments scale to accommodate diverse user demands, the 5G core control plane suffers from increased inter-Virtual Network Function (VNF) communication latency, thus deteriorating the reliability of critical procedures. To address this problem, we propose 5G-STREAM (Service mesh Tailored for Reliable, Efficient, and Authorized Microservices) to optimize control plane traffic in distributed cloud environments by establishing a topology awareness of service chains across cloud hierarchies. Leveraging this awareness, 5G-STREAM dynamically configures communication pathways to reduce discovery and authorization signaling overhead, thus increasing the reliability of inter-VNF communication. We develop a prototype of 5G-STREAM and evaluate its performance. Our evaluation results show that 5G-STREAM significantly reduces the process completion time in core service chains by up to 2× inter VNF-Network Repository Function (NRF) latency per transaction, with more pronounced benefits in larger service chains. Furthermore, we show that the cost required to deploy 5G-STREAM is an additional 0.1 USD/hr on AWS for a VNF handling a sustained rate of 50,000 requests/minute.","2158-3927","979-8-3315-1201-9","10.1109/DSN64029.2025.00025","","https://ieeexplore.ieee.org/stamp/stamp.jsp?arnumber=11068860","5G Core;Cloud Computing;System Design","Authorization;Cloud computing;Costs;5G mobile communication;Network topology;Scalability;Prototypes;Microservice architectures;Reliability engineering;Topology","","","","40","IEEE","11 Jul 2025","23-26 June 2025","23-26 June 2025","IEEE","IEEE Conferences"
"Breaking the Vicious Circle: Self-Adaptive Microservice Circuit Breaking and Retry","M. R. Saleh Sedghpour; D. Garlan; B. Schmerl; C. Klein; J. Tordsson","Department of Computing Science, Umeå University, Umeå, Sweden; School of Computer Science, Carnegie Mellon University, Pittsburgh, USA; School of Computer Science, Carnegie Mellon University, Pittsburgh, USA; Department of Computing Science, Umeå University, Umeå, Sweden; Department of Computing Science, Umeå University, Umeå, Sweden",2023 IEEE International Conference on Cloud Engineering (IC2E),"6 Nov 2023","2023","","","32","42","Microservice-based architectures consist of numerous, loosely coupled services with multiple instances. Service meshes aim to simplify traffic management and prevent microservice overload through circuit breaking and request retry mechanisms. Previous studies have demonstrated that the static configuration of these mechanisms is unfit for the dynamic environment of microservices. We conduct a sensitivity analysis to understand the impact of retrying across a wide range of scenarios. Based on the findings, we propose a retry controller that can also work with dynamically configured circuit breakers. We have empirically assessed our proposed controller in various scenarios, including transient overload and noisy neighbors while enforcing adaptive circuit breaking. The results show that our proposed controller does not deviate from a well-tuned configuration while maintaining carried response time and adapting to the changes. In comparison to the default static retry configuration that is mostly used in practice, our approach improves the carried throughput up to 12x and 32x respectively in the cases of transient overload and noisy neighbors.","2694-0825","979-8-3503-4394-6","10.1109/IC2E59103.2023.00012","","https://ieeexplore.ieee.org/stamp/stamp.jsp?arnumber=10305819","reliability;retry mechanism;circuit breaker pattern;service mesh;microservices","Sensitivity analysis;Circuit breakers;Microservice architectures;Throughput;Reliability engineering;Control theory;Noise measurement","","9","","51","IEEE","6 Nov 2023","25-29 Sept. 2023","25-29 Sept. 2023","IEEE","IEEE Conferences"
"Optimization of Microservices Security","D. C. Kalubowila; S. M. Athukorala; B. A. S. Tharaka; H. W. Y. R. Samarasekara; U. S. S. Samaratunge Arachchilage; D. Kasthurirathna","Department of Computer Science and Software Engineering, Sri Lanka Institute of Information Technology, Malabe, Sri Lanka; Department of Computer Science and Software Engineering, Sri Lanka Institute of Information Technology, Malabe, Sri Lanka; Department of Computer Science and Software Engineering, Sri Lanka Institute of Information Technology, Malabe, Sri Lanka; Department of Computer Science and Software Engineering, Sri Lanka Institute of Information Technology, Malabe, Sri Lanka; Department of Computer Science and Software Engineering, Sri Lanka Institute of Information Technology, Malabe, Sri Lanka; Department of Computer Science and Software Engineering, Sri Lanka Institute of Information Technology, Malabe, Sri Lanka",2021 3rd International Conference on Advancements in Computing (ICAC),"11 Jan 2022","2021","","","49","54","Microservices is a trending architecture, and due to its demanding features and behaviors, billions of business applications are developed based on it. Due to its remarkable ability to deploy and coordinate containerized microservices, Kubernetes deployments support the service mesh architectures, and that ensures secured inter-service communication. The Istio is the widely used service mesh tool at present. However, service-to-service communication happens in the present Istio architecture, and there is a probability of exchanging unauthorized and over-provisioned requests due to incorrect implementation. Currently, these requests are verified within the upstream microservice. Obtaining a response to an erroneous request may take considerable time latency. This research thereby aims to address a solution to reduce the latency of a response by implementing an external validation model. The proposed external validation model ensures that the required parameters are validated and actions are taken before requests reach the service level. External validation enables applications to save significant time and resources.","","978-1-6654-0862-2","10.1109/ICAC54203.2021.9671131","","https://ieeexplore.ieee.org/stamp/stamp.jsp?arnumber=9671131","Kubernetes;Istio;Microservices;Reverse Proxy;Envoy;Inter Service Communication security;Pod security;Optimizaton","Codes;Microservice architectures;Computer architecture;Network security;Software;Optimization;Business","","12","","25","IEEE","11 Jan 2022","9-11 Dec. 2021","9-11 Dec. 2021","IEEE","IEEE Conferences"
"MicroSplit: Efficient Splitting of Microservices on Edge Clouds","A. Rahmanian; A. Ali-Eldin; B. Skubic; E. Elmroth","Department of Computing Science, Umeå University, Umeå, Sweden; Department of Computer Science and Engineering, Chalmers University of Technology, Gothenburg, Sweden; Cloud Systems and Platforms, Ericsson Research, Stockholm, Sweden; Department of Computing Science, Umeå University, Umeå, Sweden",2022 IEEE/ACM 7th Symposium on Edge Computing (SEC),"2 Jan 2023","2022","","","252","264","Edge cloud systems reduce the latency between users and applications by offloading computations to a set of small-scale computing resources deployed at the edge of the network. However, since edge resources are constrained, they can become saturated and bottlenecked due to increased load, resulting in an exponential increase in response times or failures. In this paper, we argue that an application can be split between the edge and the cloud, allowing for better performance compared to full migration to the cloud, releasing precious resources at the edge. We model an application's internal call-Graph as a Directed-Acyclic-Graph. We use this model to develop MicroSplit, a tool for efficient splitting of microservices between constrained edge resources and large-scale distant backend clouds. MicroSplit analyzes the dependencies between the microservices of an application, and using the Louvain method for community detection-a popular algorithm from Network Science-decides how to split the microservices between the constrained edge and distant data centers. We test MicroSplit with four microservice based applications in various realistic cloud-edge settings. Our results show that Microsplit migrates up to 60 % of the microservices of an application with a slight increase in the mean-response time compared to running on the edge, and a latency reduction of up to 800 % compared to migrating the entire application to the cloud. Compared to other methods from the State-of-the-Art, MicroSplit reduces the total number of services on the edge by up to five times, with minimal reduction in response times.","","978-1-6654-8611-8","10.1109/SEC54971.2022.00027","","https://ieeexplore.ieee.org/stamp/stamp.jsp?arnumber=9996745","Edge clouds;micro services;service mesh;Lou-vain community detection","Data centers;Image edge detection;Microservice architectures;Complex networks;Time factors;Resource management;Load modeling","","11","","54","IEEE","2 Jan 2023","5-8 Dec. 2022","5-8 Dec. 2022","IEEE","IEEE Conferences"
"Evaluating Kubernetes CNIs for IoT: A Case Study with Raspberry Pi Clusters and Distributed MariaDB with Galera","P. Rojas; J. Sanabria","EISC, Universidad del Valle, Cali, Colombia; EISC, Universidad del Valle, Cali, Colombia",2025 LI Latin American Computer Conference (CLEI),"11 Mar 2026","2025","","","1","8","The deployment of Kubernetes in IoT edge environments presents unique challenges due to the resource constraints of devices such as Raspberry Pi clusters. A critical factor influencing performance in these deployments is the choice of Container Network Interface (CNI), which governs the communication between containers in the cluster. This paper evaluates the performance of three widely used CNIs—Flannel, Calico, and Cilium—within a Kubernetes cluster deployed on a testbed of Raspberry Pi 4B devices. Using BenchBase to benchmark a distributed MariaDB Galera Cluster, key metrics such as throughput and latency were analyzed across various workloads. The results demonstrate that Cilium outperformed the other CNIs in terms of throughput and latency, highlighting the advantages of its eBPF-based design. Calico exhibited competitive performance, particularly in scenarios requiring robust routing capabilities, while Flannel lagged significantly due to its simpler architecture. These findings provide empirical insights into the suitability of CNIs for IoT edge deployments and offer practical guidance for optimizing Kubernetes networking in resourceconstrained environments.","2771-5752","979-8-3315-9453-4","10.1109/CLEI67442.2025.11420695","","https://ieeexplore.ieee.org/stamp/stamp.jsp?arnumber=11420695","ubernetes;Container Network Interface (CNI);Raspberry Pi Cluster;Distributed Systems;MariaDB;Galera Cluster;Performance Evaluation;Container Orchestration","Performance evaluation;Distributed databases;Containers;Benchmark testing;Traffic control;Throughput;Routing;Internet of Things;Network interfaces;Security","","","","12","IEEE","11 Mar 2026","27-31 Oct. 2025","27-31 Oct. 2025","IEEE","IEEE Conferences"
"Threat Intelligence Sharing Component in the Service Mesh Architecture","R. Alboqmi; S. Jahan; R. Gamble","Tandy School of Computer Science, University of Tulsa, Tulsa, OK, USA; Department of Computer Science, Oklahoma State University, Stillwater, OK, USA; Tandy School of Computer Science, University of Tulsa, Tulsa, OK, USA",2023 10th International Conference on Future Internet of Things and Cloud (FiCloud),"29 Jan 2024","2023","","","320","327","The service mesh is a dedicated infrastructure layer in a microservice architecture (MSA) to handle service-to-service communication through application programming interface (API) calls. The service mesh employs features for continuous monitoring and ensuring delivery of service requests among services securely and reliably. The service mesh should enable threat intelligence sharing among the services at runtime as a part of continuous monitoring so that services are aware of potential threats and adapt to mitigate the threats. Threat intelligence contains detailed descriptions of attack tactics, techniques, and procedures (TTP) that are analyzed for countermeasure deployment. In this paper, we introduce threat intelligence sharing (TIS) into the control plane of the service mesh to enable the sharing of threat intelligence among services in an automated manner. It requires a structured format to specify threat intelligence and a well-defined protocol for sharing intelligence. We adopt a structured threat information expression (STIX) schema to specify threat intelligence and use the trusted automated exchange of intelligence information (TAXII) as a defined protocol to share threat intelligence as STIX documents. The advantage of including a TIS component in the service mesh is that it can generate threat intelligence using available telemetry data and enable sharing among the services without forcing services to modify their functionalities to support the process. We experiment with the TIS component’s effectiveness using an open-source MSA application called Online Boutique, which uses the service mesh platform, Istio, and Kubernetes as the orchestration solution.","","979-8-3503-1635-3","10.1109/FiCloud58648.2023.00054","","https://ieeexplore.ieee.org/stamp/stamp.jsp?arnumber=10410702","microservice application;threat intelligence;service mesh;runtime;telemetry data","Protocols;Runtime;Microservice architectures;Telemetry;Reliability;Monitoring;Application programming interfaces","","4","","28","IEEE","29 Jan 2024","14-16 Aug. 2023","14-16 Aug. 2023","IEEE","IEEE Conferences"
"Centralised Certificate Revocation Validation Framework for Cloud-Native Service Meshes","S. Kumar","Cisco Systems, United Kingdom",2025 2nd International Symposium on Parallel Computing and Distributed Systems (PCDS),"6 Mar 2026","2025","","","1","7","Public Key Infrastructure (PKI) establishes the fundamental trust for services on the public internet, enabling applications to ensure secure data exchange. While X.509 digital certificates are regarded as the foundation of this trust, their revocation due to private key compromise, policy violations, CA infrastructure breaches, and mis-issuance require robust revocation validation to prevent impersonation and Man-in-the-Middle (MiTM) attacks. The browsers on client-side generally perform these validations via the offline Certificate Revocation List (CRL) bundle or Online Certificate Status Protocol (OCSP). However, microservices and other cloud-based applications encounter several challenges such as undue latency and reliability with traditional OCSP/CRL checks. Managing the complexity of consistent validation across various development environment represents a significant operational burden. Revocation checks are mandated in PCI DSS v4.0, eIDAS, and FedRAMP.Our centralised framework addresses performance and reliability challenges in certificate revocation validation for cloud-native microservices by leveraging a multi-layer validation strategy that orchestrates Bloom filters, OCSP stapling, and on-demand OCSP/CRL checks with advanced caching. Validation logic is integrated out-of-band using Server Name Indication (SNI) injected via an Envoy proxy. This approach minimises latency while providing essential security controls. The proposed architecture includes resilient caching mechanisms and a ‘fail-open’ design with an adaptive failed-domain cache, ensuring high availability and graceful degradation. We deployed a Proof of Concept (POC) in a public cloud environment to validate the framework’s effectiveness; performance metrics were collected and presented as part of this paper.","","979-8-3315-8027-8","10.1109/PCDS68697.2025.11415294","Cisco Systems; ","https://ieeexplore.ieee.org/stamp/stamp.jsp?arnumber=11415294","Certificate Validation;Revocation;OCSP Stapling;CRL;Bloom Filter;Short-lived Certificates;TLS;Service Mesh;Istio;Envoy;ECH;ESNI","Cloud computing;Filters;Protocols;Public key;Microservice architectures;Parallel processing;Performance metrics;Reliability;Servers;Security","","","","36","IEEE","6 Mar 2026","11-13 Dec. 2025","11-13 Dec. 2025","IEEE","IEEE Conferences"
"NAS: A Novel Network-Aware Kubernetes Scheduling Framework Using eBPF Service Mesh","V. K. K. Ragavan; D. Nadig","Dept. of Computer and Information Technology, Purdue University, West Lafayette, IN; Dept. of Computer and Information Technology, Purdue University, West Lafayette, IN",ICC 2025 - IEEE International Conference on Communications,"26 Sep 2025","2025","","","1512","1517","Kubernetes has become the dominant platform for orchestrating containerized applications in modern cloud environments. However, its default scheduling mechanisms primarily focus on CPU and memory resources, overlooking network performance–a critical factor for latency-sensitive applications in domains like 5G and edge computing. This paper introduces NAS, a novel network-aware scheduling framework that integrates real-time network metrics such as latency and bandwidth using an eBPF-based Cilium service mesh. By incorporating these metrics into the scheduling process, NAS optimizes pod placement for performance-sensitive applications. Experimental results show that NAS reduces average latency by 52.66% compared to the default Kubernetes scheduler and 2.68% compared to Diktyo while minimizing maximum latency spikes by 85.61% and 7.23%, respectively. Further, NAS effectively distributes workloads and provides co-location benefits by considering microservices dependencies and network costs during pod placement.","1938-1883","979-8-3315-0521-9","10.1109/ICC52391.2025.11161235","National Science Foundation(grant numbers:OAC-2346718,OAC-2417607); ","https://ieeexplore.ieee.org/stamp/stamp.jsp?arnumber=11161235","","Measurement;Costs;Processor scheduling;5G mobile communication;Microservice architectures;Bandwidth;Real-time systems;Edge computing","","1","","12","IEEE","26 Sep 2025","8-12 June 2025","8-12 June 2025","IEEE","IEEE Conferences"
"A Risk Adaptive Access Control Model for the Service Mesh Architecture","R. Alboqmi; S. Jahan; R. F. Gamble","Tandy School of Computer Science, University of Tulsa, Tulsa, OK, USA; Department of Computer Science, Oklahoma State University, Stillwater, OK, USA; Tandy School of Computer Science, University of Tulsa, Tulsa, OK, USA",2024 IEEE 3rd International Conference on Computing and Machine Intelligence (ICMI),"11 Jul 2024","2024","","","1","6","Microservice architecture (MSA) applications can be built with a service mesh infrastructure layer that manages service-to-service communications through features, such as access control (AC) that is enforced statically and manually. Attackers attempt to exploit vulnerabilities in services to compromise the entire MSA application. The AC feature of the service mesh needs to be adaptive and capable of enforcing an emerging model called Risk-Adaptive Access Control (RAdAC). As found in the literature, RAdAC adjusts AC policies based on the assessed potential risk of access requests and the operational needs required to maintain the deployed application functionality. This paper introduces an architecture, called SMAAC, to add the self-adaptive AC features to the service mesh while maintaining and enhancing the RAdAC model. SMAAC houses runtime trust evaluation to assess the trustworthiness of a service based on behavioral patterns and quantifying it with a trust metric. In addition, SMAAC houses early threat intelligence sharing to enable threat data sharing in the service mesh. New for this work is enabling SMAAC with access policy generation (APG) that introduces self-adaptation to AC policies when the trust metric of the service request initiator falls below an acceptable level. APG considers the requesting service's impact levels on confidentiality, integrity, and availability that define service sensitivity within the MSA application. The paper introduces SMAAC and provides an initial demonstration of its potential using a third-party MSA application, Bench, that is deployed on the Istio service mesh platform with Kubernetes as the orchestration solution.","","979-8-3503-7297-7","10.1109/ICMI60790.2024.10585800","","https://ieeexplore.ieee.org/stamp/stamp.jsp?arnumber=10585800","microservice architecture;service mesh;dynamic access control;security;self-adaptation","Access control;Adaptation models;Sensitivity;Runtime;Computational modeling;Microservice architectures;Computer architecture","","5","","30","IEEE","11 Jul 2024","13-14 April 2024","13-14 April 2024","IEEE","IEEE Conferences"
"A Framework for Dynamically Meeting Performance Objectives on a Service Mesh","F. S. Samani; R. Stadler","Department of Computer Science, KTH Royal Institute of Technology, Stockholm, Sweden; Department of Computer Science, KTH Royal Institute of Technology, Stockholm, Sweden",IEEE Transactions on Network and Service Management,"19 Dec 2024","2024","21","6","5992","6007","We present a framework for achieving end-to-end management objectives for multiple services that concurrently execute on a service mesh. We apply reinforcement learning (RL) techniques to train an agent that periodically performs control actions to reallocate resources. We develop and evaluate the framework using a laboratory testbed where we run information and computing services on a service mesh, supported by the Istio and Kubernetes platforms. We investigate different management objectives that include end-to-end delay bounds on service requests, throughput objectives, cost-related objectives, and service differentiation. Our framework supports the design of a control agent for a given management objective. The management objective is defined first and then mapped onto available control actions. Several types of control actions can be executed simultaneously, which allows for efficient resource utilization. Second, the framework separates the learning of the system model and the operating region from the learning of the control policy. By first learning the system model and the operating region from testbed traces, we can instantiate a simulator and train the agent for different management objectives. Third, the use of a simulator shortens the training time by orders of magnitude compared with training the agent on the testbed. We evaluate the learned policies on the testbed and show the effectiveness of our approach in several scenarios. In one scenario, we design a controller that achieves the management objectives with 50% less system resources than Kubernetes HPA autoscaling.","1932-4537","","10.1109/TNSM.2024.3434328","Swedish Governmental Agency for Innovation Systems, VINNOVA, through project ANIARA; ","https://ieeexplore.ieee.org/stamp/stamp.jsp?arnumber=10612769","Performance management;adaptive resource allocation;microservice;reinforcement learning;operating region","Microservice architectures;Measurement;Training;Reinforcement learning;Delays;Resource management;Throughput","","1","","82","CCBY","26 Jul 2024","Dec. 2024","","IEEE","IEEE Journals"
"From Monolith to Microservices: A Systematic Literature Survey","M. Chaturvedi; S. J. Ram; S. S. Shingade; S. R. Swamy","Information Science and Engineering, RV Institute of Technology and Management, Bengaluru, India; Information Science and Engineering, RV Institute of Technology andManagement, Bengaluru, India; Information Science and Engineering, RV Institute of Technology andManagement, Bengaluru, India; Information Science and Engineering, RV Institute of Technology andManagement, Bengaluru, India","2024 IEEE 3rd International Conference on Data, Decision and Systems (ICDDS)","12 Mar 2025","2024","","","1","6","Microservices are an architectural approach that decomposes applications into small, independently deployable services, enhancing scalability and agility. The application of microservices architecture in numerous enterprises, aimed at modernizing their existing applications, emerges as a noteworthy trend. Despite the extensive research conducted on migration processes, there is a noticeable lack in understanding the essential principles necessary for the efficient implementation of microservices architecture. This study seeks to consolidate the comprehension of the fundamental concepts inherent in the object-oriented approach and their importance in both monolithic and microservices architectures. Moreover, an analysis of the design patterns and principles utilized in microservices, along with comparisons to monolithic architectures, is undertaken. The investigation delves into the advantages and disadvantages of monolithic and microservices architectures, offering valuable insights for scholars and practitioners in the field.","","979-8-3503-6389-0","10.1109/ICDDS62937.2024.10910708","","https://ieeexplore.ieee.org/stamp/stamp.jsp?arnumber=10910708","Microservices;Monolithic;Decomposition;Principles;Patterns;Migration;Challenges;Monolithic Architectures;Domain-Driven Design (DDD);Command Query Responsibility Segregation (CQRS);API Gateway;Service Mesh;Systematic Literature Review (SLR);Systematic Mapping Study (SMS);Practical Motivations;Operational Complexity;Deployment and Scaling;Testing Microservices;Kubernetes;HTTP/REST;gRPC;RabbitMQ;Apache Kafka;AWS SNS/SQS;Orchestration;Circuit Breakers","Surveys;Industries;Systematics;Correlation;Scalability;Microservice architectures;Logic gates;Market research;Complexity theory;Systematic literature review","","1","","15","IEEE","12 Mar 2025","5-7 Dec. 2024","5-7 Dec. 2024","IEEE","IEEE Conferences"
"Cost-Effective Cloud-Edge Elasticity for Microservice Applications","A. Detti; A. Favale","CNIT, Department of Electronic Engineering, University of Rome “Tor Vergata,”, Rome, Italy; CNIT, Department of Electronic Engineering, University of Rome “Tor Vergata,”, Rome, Italy",IEEE Transactions on Network and Service Management,"30 Dec 2025","2026","23","","239","251","Microservice applications, composed of independent containerized components, are well-suited for hybrid cloud–edge deployments. In such environments, placing microservices at the edge can reduce latency but incurs significantly higher resource costs compared to the cloud. This paper addresses the problem of selectively replicating microservices at the edge to ensure that the average user-perceived delay remains below a configurable threshold, while minimizing total deployment cost under a pay-per-use model for CPU, memory, and network traffic. We propose a greedy placement strategy based on a novel analytical model of delay and cost, tailored to synchronous request/response applications in cloud–edge topologies with elastic resource availability. The algorithm leverages telemetry and load balancing capabilities provided by service mesh frameworks to guide edge replication decisions. The proposed approach is implemented in an open-source Kubernetes controller, the Geographical Microservice Autoplacer (GMA), which integrates seamlessly with Istio and Horizontal Pod Autoscalers. GMA automates telemetry collection, cost-aware decision making, and geographically distributed placement. Its effectiveness is demonstrated through simulation and real testbed deployment.","1932-4537","","10.1109/TNSM.2025.3627155","Italian PNRR funds under the RESTART program and EU FLUIDOS Project; ","https://ieeexplore.ieee.org/stamp/stamp.jsp?arnumber=11222805","Edge computing;microservices applications;service meshes","Microservice architectures;Cloud computing;Data centers;Load management;Costs;Frequency modulation;Delays;Analytical models;Edge computing;Telemetry","","","","37","IEEE","30 Oct 2025","2026","","IEEE","IEEE Journals"
"A Design and Development of Operator for Logical Kubernetes Cluster over Distributed Clouds","T. -N. Nguyen; J. Lee; M. Vitumbiko; Y. Kim","School of Electronic Engineering, Soongsil University, Seoul, Korea; School of Electronic Engineering, Soongsil University, Seoul, Korea; School of Electronic Engineering, Soongsil University, Seoul, Korea; School of Electronic Engineering, Soongsil University, Seoul, Korea",NOMS 2024-2024 IEEE Network Operations and Management Symposium,"2 Jul 2024","2024","","","1","6","The conventional method of managing networks and infrastructure involves multiple components that primarily include administration experts alongside automated scripts and functions to manage, track, monitor, and resolve incidents and fine-tune configurations of network and computing resources. Several platforms and research work in the field of multi-cluster management have surfaced; however, these often necessitate pre-existing Kubernetes clusters, involve intricate configurations, exhibit inflexibility, and lack robust automation for cluster provisioning and management. Moreover, these platforms lack a networking solution for inter-cluster connectivity or do not fully manage the lifecycle of the Kubernetes cluster. Consequently, we introduce Logical Kubernetes as a Service (L-KaaS), an autonomous orchestration platform for managing distributed Kubernetes clusters. This platform features a ’Logical Kubernetes Cluster’ - a declarative specification for managing a huge number of distributed Kubernetes clusters with the same simplicity as managing a single Kubernetes cluster that spans across all locations. We developed operators behind Logical Cluster to provide a simplified, abstract interface via a declarative application programming interface (API) to automate software configuration and workload orchestration tasks and absorb dynamic infrastructure variations. Regarding inter-cluster connectivity, we used a high-performance, scalable, and consistent networking service mesh solution that relies on new kernel technology -eBPF. In workload scheduling tests, our system outperformed existing solutions, showcasing a performance that was 8.86 times faster than Kubernetes and 1.27 times faster than the Oaskestra scheduler.","2374-9709","979-8-3503-2793-9","10.1109/NOMS59830.2024.10575914","","https://ieeexplore.ieee.org/stamp/stamp.jsp?arnumber=10575914","Kubernetes;Multi-cluster Management;Kubernetes Operator;Service Mesh","Cloud computing;Costs;Automation;Scalability;Software;Proposals;Task analysis","","3","","17","IEEE","2 Jul 2024","6-10 May 2024","6-10 May 2024","IEEE","IEEE Conferences"
"An Anomaly Localization Method for Large-Scale Micro-services","W. Zhao; B. Xu; C. Ma; S. Zhu; Y. Tai; G. Li","State Grid Shandong Information & Telecommunication Company, Jinan, China; State Grid Shandong Information & Telecommunication Company, Jinan, China; State Grid Shandong Information & Telecommunication Company, Jinan, China; State Grid Shandong Information & Telecommunication Company, Jinan, China; School of Control & Computer Engineering, North China Electric Power University, Beijing, China; School of Control & Computer Engineering, North China Electric Power University, Beijing, China",2024 4th International Symposium on Computer Technology and Information Science (ISCTIS),"4 Oct 2024","2024","","","908","913","As the scale of micro-service systems on the cloud continues to expand, the dependencies between micro-services become more and more complex. Service anomalies may continue to propagate with the call relationship, leading to a decrease in the overall availability of the system. In order to cope with large-scale micro-service systems with complex dependencies, this paper designs an anomaly location method MicroALLS suitable for large-scale micro-services. This method collects micro-service operation indicator data based on Istio; uses the anomaly detection module of the variational auto-encoder for anomaly detection; once an anomaly is detected, an improved random walk algorithm is used to accurately and efficiently locate the micro-service anomaly. We use the train-ticket micro-service system as a test environment to evaluate the positioning accuracy of this method. The experimental results show that the anomaly detection and accuracy of the method are improved compared with the comparison method.","","979-8-3503-5456-0","10.1109/ISCTIS63324.2024.10698988","","https://ieeexplore.ieee.org/stamp/stamp.jsp?arnumber=10698988","Micro-services;anomaly location;service call link;fault propagation","Location awareness;Information science;Analytical models;Accuracy;Computational modeling;Anomaly detection","","","","9","IEEE","4 Oct 2024","12-14 July 2024","12-14 July 2024","IEEE","IEEE Conferences"
"Improving Microservices Security","A. Javadpour; F. Ja'fari; T. Taleb; Q. Guo; C. Benzaïd; L. Rosa; L. Cordeiro","ICTFICIAL Oy, Espoo, Finland; Department of Computer Engineering, Sharif University of Technology, Iran; Faculty of Electrical Engineering and Information Technology, Ruhr University Bochum, Bochum, Germany; ICTFICIAL Oy, Espoo, Finland; Faculty of Information Technology and Electrical Engineering, University of Oulu, Oulu, Finland; OneSource, Coimbra, Portugal; OneSource, Coimbra, Portugal",2025 IEEE Middle East Conference on Communications and Networking (MECOM),"24 Mar 2026","2025","","","1","6","To support fle xibility and scalability, 5 G networks have embraced microservice-based architectures, which require secure and efficient inter-service communication. This is managed by the service mesh layer, which is now a growing target for cyberattacks. While existing platforms like Istio and NGINX use mutual TLS (mTLS) to secure communications, mTLS imposes considerable resource overhead, undermining the goals of scalability and lightweight operation. To overcome this challenge, we propose an Encryption as a Service (EaaS) framework for Kubernetes that mitigates common attacks such as man-in-the-middle, distributed denial-of-service (DDoS), and eavesdropping. Experimental analysis shows that EaaS significantly improves response time and reduces adversary success compared to traditional microservice-side cryptographic handling, with gains varying across different scenarios and cryptographic/deception configurations. While higher EaaS replication slightly increases CPU and memory usage, it leads to better security outcomes and faster service performance. The successful real-world implementation and deployment of the EaaS framework further corroborated these fin dings.","","979-8-3315-8587-7","10.1109/MECOM67453.2025.11439502","","https://ieeexplore.ieee.org/stamp/stamp.jsp?arnumber=11439502","Kubernetes;Service Mesh;Encryption as a Service (EaaS);Security","Machine learning algorithms;Scalability;Microservice architectures;Machine learning;Encryption;Time factors;Computer crime;Eavesdropping","","","","15","IEEE","24 Mar 2026","4-6 Nov. 2025","4-6 Nov. 2025","IEEE","IEEE Conferences"
"μBench: An Open-Source Factory of Benchmark Microservice Applications","A. Detti; L. Funari; L. Petrucci","Electronic Engineering Department, University of Rome Tor Vergata, Roma, Italy; Electronic Engineering Department, University of Rome Tor Vergata, Roma, Italy; Electronic Engineering Department, University of Rome Tor Vergata, Roma, Italy",IEEE Transactions on Parallel and Distributed Systems,"26 Jan 2023","2023","34","3","968","980","$\mu$μBench is an open-source tool for benchmarking cloud/edge computing platforms that run microservice applications. The tool creates dummy microservice applications that can be customized and executed on a Kubernetes cluster. $\mu$μBench allows users to control fundamental properties of the microservice applications it creates, such as service mesh topology, microservices’ behaviors using a portfolio of stress functions (e.g., for CPU, memory, I/O, network) or implementing new ones, microservice-to-microservice API (HTTP or gRPC), etc. Application performance can be evaluated by stochastic or trace-driven workloads. μBench is aimed at researchers and cloud platform developers who lack real microservice applications to benchmark their findings (e.g., new resource control mechanisms, artificial intelligence-driven orchestration, etc.) or wish to thoroughly evaluate their proposals versus a broad set of heterogeneous applications that μBench can create. In addition to the description of μBench, in this article, we show one possible use of it. We compared advantages and disadvantages of microservice architectures versus monolithic ones, and analyzed the performance impact of key architectural choices, such as service mesh topology and the use of replication. For this analysis, we generated several microservice applications with different properties, and two of them are derived from a real cloud dataset.","1558-2183","","10.1109/TPDS.2023.3236447","Italian MIUR PRIN Liquid_Edge project; PNRR RESTART program; ","https://ieeexplore.ieee.org/stamp/stamp.jsp?arnumber=10015693","Cloud computing;decentralized applications;benchmark testing","Microservice architectures;Benchmark testing;Measurement;Java;Containers;Servers;Python","","41","","47","IEEE","12 Jan 2023","1 March 2023","","IEEE","IEEE Journals"
"A Runtime Trust Evaluation Mechanism in the Service Mesh Architecture","R. Alboqmi; S. Jahan; R. F. Gamble","Tandy School of Computer Science, University of Tulsa, Tulsa, OK, USA; Department of Computer Science, Oklahoma State University, Stillwater, OK, USA; Tandy School of Computer Science, University of Tulsa, Tulsa, OK, USA",2023 10th International Conference on Future Internet of Things and Cloud (FiCloud),"29 Jan 2024","2023","","","242","249","With the advancement of cloud-native computing, enterprise software is shifting towards a microservice architecture (MSA). In a MSA, the application is built as a composite of microservices (also called services) where each service is dedicated to providing specific functionalities and communicating via APIs. The service mesh is a dedicated infrastructure layer serving as a service-to-service communication platform. It is introduced to alleviate the complexity, manageability, and interoperability challenges involved in a MSA. Even though the service mesh includes APIs to secure service-to-service communication, more functionality is needed to handle the perimeter-less and dynamic cloud environment. The existing APIs enable security measures based on a pre-defined configuration. However, there is no mechanism for dynamic trust evaluation of the participating services, which is necessary to protect the application from potential attacks. Attackers can exploit a vulnerability caused by a rouge service as a backdoor to compromise the application. Thus, there is a need for a trust evaluation mechanism in the service mesh to follow zero-trust architecture (ZTA) principles. This paper introduces a runtime trust evaluator (RTE) incorporated as a component within the service mesh control plane. A RTE can evaluate the trustworthiness of services at runtime before establishing service-to-service communications. The core functionality of a RTE is to assess the new service invocation requests initiated by a service to evaluate the trustworthiness of that service. The RTE collects the services’ invocation history and other telemetric data to determine the services’ criticality level for single-point failure. The RTE assesses service invocation request attributes to determine the existence of an unauthorized request and the impact on the requested service’s criticality level. The result is an evaluation of the initiator service’s trustworthiness. We demonstrate our approach on an open source microservice application from the Google Cloud team called Online Boutique. The environment setup uses Kubernetes as an orchestration solution and Istio as the service mesh platform.","","979-8-3503-1635-3","10.1109/FiCloud58648.2023.00043","","https://ieeexplore.ieee.org/stamp/stamp.jsp?arnumber=10410687","Service mesh;microservice architecture;runtime trust evaluation;zero trust architecture","Cloud computing;Runtime;Microservice architectures;Computer architecture;Telemetry;Risk management;History","","8","","34","IEEE","29 Jan 2024","14-16 Aug. 2023","14-16 Aug. 2023","IEEE","IEEE Conferences"
"Weight based Load Balancing in Kubernetes using AWS","S. B; K. T; N. R. G; N. S; J. Noronha","Electronics and Communication Dept, RV College of Engineering, Bangalore, India; Electronics and Communication Dept, RV College of Engineering, Bangalore, India; Electronics and Communication Dept, RV College of Engineering, Bangalore, India; Electronics and Communication Dept, RV College of Engineering, Bangalore, India; Electronics and Communication Dept, RV College of Engineering, Bangalore, India",2023 International Conference on Intelligent Data Communication Technologies and Internet of Things (IDCIoT),"1 Mar 2023","2023","","","629","634","Kubernetes is a container orchestration system to automate software deployment,scaling and management of containers. Kubernetes offers Load Balancer service to distribute external traffic to the pods.Load balancing is the process of distributing network traffic across multiple servers and prevent a single server from being overloaded. This article has discussed about the existing load balancing algorithms and different performance met that affects the load balancing. Canary releases helps to deploy applications or services to a small percentage of users which minimizes the scope, impact, and risk associated with introducing new software assets into production.To implement a weight-based load balancer in Kubernetes using AWS, an healthy Kubernetes cluster is deployed in the AWS. An automated canary deployment approach is utilized, to distribute traffic based on weights assigned to the services. Linkerd and Flagger traffic split functionality helps to dynamically switch the traffic across services. Deployed sample applications, primary version and canary version in the cluster and configured weights of the application. The load balancer shifts the traffic from 10% ,100% with the step size of 10% to Canary version. All the target environment can be updated with small increments such as 10%, 25%, 75%, and 100% traffic load increments.","","978-1-6654-7451-1","10.1109/IDCIoT56793.2023.10053466","","https://ieeexplore.ieee.org/stamp/stamp.jsp?arnumber=10053466","Devops;Cloud Computing;Amazon Web services;Canary deployment;Kubernetes;LoadBalancer;Linkerd;Flagger","Software algorithms;Telecommunication traffic;Production;Switches;Organizations;Containers;Load management","","5","","20","IEEE","1 Mar 2023","5-7 Jan. 2023","5-7 Jan. 2023","IEEE","IEEE Conferences"
"A Hybrid Machine Learning Approach for Service Selection in Sidecar Service Mesh","R. A. Rasyid; M. Z. Catur Candra","School of Electrical Engineering and Informatics, Institut Teknologi Bandung, Bandung, West Java, Indonesia; School of Electrical Engineering and Informatics, Institut Teknologi Bandung, Bandung, West Java, Indonesia",2025 IEEE International Conference on Data and Software Engineering (ICoDSE),"28 Jan 2026","2025","","","19","24","Microservice architectures are widely adopted, but dynamic service selection remains a challenge. Conventional methods like round-robin are often insufficient, as they fail to adapt to dynamic loads and do not consider Quality of Service (QoS). This research presents a service selection system that integrates machine learning into a decentralized sidecar within a service mesh to improve QoS. The system uses time-series prediction models (LSTM and GRU) to forecast response times, which then inform a Q-Learning reinforcement learning model for dynamic instance selection. The system was implemented as a sidecar communicating with the Istio proxy via an Envoy Filter and evaluated through two scenarios: a load test with heterogeneous resources and an anomaly test with varied request types. Results show that the machine learning approach significantly improves performance. In the load test, the LSTM-based model reduced average response time by up to 47.8% compared to round-robin. More importantly, in the anomaly test, it outperformed the more advanced least request method by reducing average response time by up to 23%, demonstrating its strength in unpredictable environments. The primary contribution is an architectural pattern that embeds predictive intelligence directly into the service mesh, creating a resilient, QoS-aware selection mechanism that avoids the single-point-of-failure of server-side approaches.","2640-0227","979-8-3315-7578-6","10.1109/ICoDSE68111.2025.11351595","","https://ieeexplore.ieee.org/stamp/stamp.jsp?arnumber=11351595","Service Selection;Reinforcement Learning;Time Series Prediction;Sidecar;Service Mesh","Adaptation models;Q-learning;Time series analysis;Microservice architectures;Quality of service;Predictive models;Time factors;Long short term memory;Load modeling;Software engineering","","","","14","IEEE","28 Jan 2026","28-29 Oct. 2025","28-29 Oct. 2025","IEEE","IEEE Conferences"
"On Improved Efficiency of Zero-Trust Tunnel for Inter-Microservices Communication","L. Zhang; J. Ge; Y. Wu; J. Wen; Y. E","IIE, CAS, Key Laboratory of Cyberspace Security Defense, Beijing, China; IIE, CAS, Key Laboratory of Cyberspace Security Defense, Beijing, China; School of Electrical, Electronic and Mechanical Engineering, University of Bristol, Bristol, UK; IIE, CAS, Key Laboratory of Cyberspace Security Defense, Beijing, China; IIE, CAS, Key Laboratory of Cyberspace Security Defense, Beijing, China",2024 IEEE International Conference on High Performance Computing and Communications (HPCC),"23 Jul 2025","2024","","","1234","1241","After trading the hardware cost and deployment complexity of inter-microservice communication architecture, the data plane of service mesh has gradually changed from sidecar mode to sidecarless mode. In sidecarless mode, the traffic of microservices need to be processed by zero-trust tunnel, so that the confidentiality, integrity and authentication of application data can be achieved. Thus, the efficiency of zero trust tunnel has a great impact on the performance of inter-microservices communication. However, current zero trust tunnel schemes require additional data transmission and processing, resulting in serious performance degradation. Thus, in this paper, we propose an efficient zero-trust tunnel which is called EZTunnel. Based on a programmable kernel, EZTunnel can execute L4 traffic management and security policies during system calls, thereby improving the communication performance between microservices. Through experiments under different traffic characteristic, we show that EZTunnel can achieve better inter-microservice request response delay, flow completion time and communication bandwidth than current zero-trust tunnel.","","979-8-3315-4046-3","10.1109/HPCC64274.2024.00166","","https://ieeexplore.ieee.org/stamp/stamp.jsp?arnumber=11083276","Sidecarless Dataplane;Inter-Service Communication;Zero Trust Tunnel;Programmable Kernel","Degradation;Costs;High performance computing;Microservice architectures;Bandwidth;Hardware;Zero Trust;Delays;Data communication;Kernel","","","","44","IEEE","23 Jul 2025","13-15 Dec. 2024","13-15 Dec. 2024","IEEE","IEEE Conferences"
"Exploring Security Enhancements in Kubernetes CNI: A Deep Dive Into Network Policies","B. Kim; J. Kim; S. Lee","Incheon National University, Incheon, Republic of Korea; Kwangwoon University, Seoul, Republic of Korea; Incheon National University, Incheon, Republic of Korea",IEEE Access,"26 Feb 2025","2025","13","","35322","35338","With the explosive growth of Kubernetes adoption, Container Network Interfaces (CNIs) have become critical components for configuring and securing container networks, but a comprehensive analysis of their security capabilities and performance impact is noticeably lacking. Our study conducts a comprehensive security analysis of the major CNI plugins (Cilium, Calico, WeaveNet, Kube-router, and Antrea) in cloud-native environments with Kubernetes through extensive evaluation of Layer 3/4 policy processing, policy complexity scaling, pod scalability, and Layer 7 policy processing. The experimental results show that eBPF-based Cilium maintains 8.9K Mbps throughput under complex L3/4 policies, but drops to 94 Mbps with L7 processing, while Antrea achieves 6.6K Mbps at L7 through HTTP filtering, with performance degrading as policy complexity increases. Under high concurrent pod loads, iptables-based CNIs show a 60-70% reduction in throughput, while Cilium maintains performance within 10% of baseline. These results reveal critical trade-offs between architectural choices and security capabilities, and provide practical guidelines for CNI selection based on specific operational and security requirements in cloud-native environments.","2169-3536","","10.1109/ACCESS.2025.3543841","Incheon National University Research Grant, in 2024; ","https://ieeexplore.ieee.org/stamp/stamp.jsp?arnumber=10896680","Container network interface;cloud security;container security;network policy","Security;Containers;Throughput;Network interfaces;Routing;Complexity theory;Organizations;Electronic mail;Monitoring;Filtering","","4","","66","CCBY","20 Feb 2025","2025","","IEEE","IEEE Journals"
"Shimmy: Accelerating Inter-Container Communication for the IoT Edge","M. Khasgiwale; V. Sharma; S. Mishra; B. Thadichi; J. John; R. Khanna","Department of Computer Science, University of Colorado, Boulder, USA; Department of Computer Science, University of Colorado, Boulder, USA; Department of Computer Science, University of Colorado, Boulder, USA; Department of Computer Science, University of Colorado, Boulder, USA; Intel Corporation, Oregon, USA; Intel Corporation, Oregon, USA",GLOBECOM 2023 - 2023 IEEE Global Communications Conference,"26 Feb 2024","2023","","","4461","4466","Cloud-native technologies consisting of containers, microservices, and service meshes bring the traditional advantages of Cloud Computing like scalability, composability, and rapid deployability to the IoT Edge. An application built on the microservices architecture relies on a collection of individual containerized components offering modular services via REST or gRPC interfaces over the network. Compared to a monolithic application, the magnitude of data and control exchange between the components of a microservices application is several orders higher. Studies have shown that overheads caused by such inter-container communication are a significant hurdle in achieving the sub-50ms latencies required for 5G enabled network Edges comprised of a much smaller compute cluster, unlike the Cloud. In this paper, we present Shimmy - a shared memory-based communication interface for containers that is cleanly integrated into the Kubernetes orchestration architecture while offering significant acceleration for microservices. Results have shown a consistent 3-4x latency improvement over UDP and TCP, as much as 20x latency improvement over RabbitMQ, while significantly reducing memory and CPU usage in large data transfers as well as real-time video streaming.","2576-6813","979-8-3503-1090-0","10.1109/GLOBECOM54140.2023.10437823","","https://ieeexplore.ieee.org/stamp/stamp.jsp?arnumber=10437823","microservice;IoT;Cloud-native;intercontainer latencymicroservice;intercontainer latency","TCP;Cloud computing;Protocols;Microservice architectures;Computer architecture;Containers;Central Processing Unit","","4","","20","IEEE","26 Feb 2024","4-8 Dec. 2023","4-8 Dec. 2023","IEEE","IEEE Conferences"
"Reotina: an eBPF-Driven Observability Framework for 5G Networks","J. Kim; J. Nam","Department of AI-Based Convergence, Dankook University; Department of Computer Engineering, Dankook University",2025 25th Asia-Pacific Network Operations and Management Symposium (APNOMS),"6 Oct 2025","2025","","","1","6","Fifth-generation ($\mathbf{5 G}$) mobile networks increasingly rely on containerized microservices and multi-interface configurations to meet the stringent performance, scalability, and flexibility demands of modern digital infrastructures. While these architectures support modular, high-performance deployments, they pose significant challenges for end-to-end observability, particularly in capturing control- and user-plane protocols such as NGAP, PFCP, and GTP-U. Existing monitoring solutions, predominantly optimized for HTTP traffic and dependent on sidecar-based service meshes, are ill-equipped for multi-cluster environments where traffic traverses secondary virtual interfaces provisioned by Multus CNI. We introduce Reotina, an eBPFbased observability framework that enables protocol-aware visibility in cloud-native 5 G environments. Reotina performs inkernel, interface-level traffic introspection and enriches packet data with Kubernetes context, operating transparently across multiple interfaces and clusters. By correlating protocol events with workload identity, it supports structured telemetry for performance analysis and operational insight. We evaluate Reotina in a Kubernetes-based, multi-cluster free5GC testbed, where it achieves full coverage of NGAP, PFCP, and GTP-U transactions with under 2% CPU overhead and sub-millisecond latency in cross-cluster session reconstruction. These results demonstrate that Reotina enables scalable, low-overhead observability for production-grade 5 G systems, effectively addressing key limitations of existing monitoring solutions.","2576-8565","978-4-88552-356-4","10.23919/APNOMS67058.2025.11181403","National Research Foundation of Korea; ","https://ieeexplore.ieee.org/stamp/stamp.jsp?arnumber=11181403","5G networks;observability;eBPF","5G mobile communication;Scalability;Microservice architectures;Real-time systems;HTTP;Performance analysis;Telemetry;Cryptography;Observability;Monitoring","","","","20","","6 Oct 2025","22-24 Sept. 2025","22-24 Sept. 2025","IEEE","IEEE Conferences"
"Micro-Services Internal Load Balancing for Ultra Reliable Low Latency 5G Online Charging System","N. T. Nguyen; T. S. Pham; V. D. Nguyen; C. D. Pham; D. H. Nguyen","OCS Research Center, Viettel High Technology, Viettel Group, Hanoi, Vietnam; OCS Research Center, Viettel High Technology, Viettel Group, Hanoi, Vietnam; OCS Research Center, Viettel High Technology, Viettel Group, Hanoi, Vietnam; OCS Research Center, Viettel High Technology, Viettel Group, Hanoi, Vietnam; OCS Research Center, Viettel High Technology, Viettel Group, Hanoi, Vietnam",2024 26th International Conference on Advanced Communications Technology (ICACT),"25 Mar 2024","2024","","","232","240","Connection mesh plays an important role in micro-service architecture and greatly influences system performance. 3GPP proposed a 1ms requirement for 1-way transmit activities on the 5G URLLC data plane. As a 5G component, our Online Charging System needs to manage sub-milliseconds operations. In this paper, we model the request flows in the mesh as a max flow problem with back-pressure. Inspired by the connection lib approach, we propose our connection library Microchassis. We select basic routing (front-pressure) methods including round-robin (RR), least concurrent (LCC), and proposed two more routing methods using back-pressure flow control policy based on concurrent status (BCC) and back-pressure flow control policy based on throughput combined with concurrent status (BTC) for the library. Then we evaluate the performance and latency among four methods of Microchassis and validate our modeled formulas. Finally, we simulate the OCS architecture of the main charging flow and qualify it against the URLLC latency standard. The result shows that back-pressure strategies can maintain great QoS under extreme conditions, superior to the front-pressure algorithm family. BTC performed well in all cases with the highest throughput in the incident. Besides, BCC only shows its advantages on high throughput systems. Front-pressure strategies are better choices for internal well-managed service layers, and LCC is outperformed on RR.","1738-9445","979-11-88428-12-0","10.23919/ICACT60172.2024.10471988","","https://ieeexplore.ieee.org/stamp/stamp.jsp?arnumber=10471988","Service mesh;Connection library;Internal load balancing;Benchmark;5G;URLLC;Online-charging system","5G mobile communication;System performance;Quality of service;Ultra reliable low latency communication;Routing;Throughput;Libraries","","1","","18","","25 Mar 2024","4-7 Feb. 2024","4-7 Feb. 2024","IEEE","IEEE Conferences"
"Load Balancing Framework for Scalable Container Orchestration in Large Scale Microservices based Cloud Platforms","M. A. Arulmary; M. Sakthivanitha; D. M.; M. V. Maheswari; U. Hemamalini; A. Bharathi","Department of Computer Science, Bharath Institute of Higher Education and Research, Chennai, Tamil Nadu, India; Dept. of Computer Applications (UG), Vels Institute of Science, Technology and Advanced Studies, Chennai, Tamil Nadu, India; Dept. of BCA, Hindustan College of Arts & Science, Chengalpattu, Tamil Nadu, India; Dept. of MCA, Francis Xavier Engineering College, Tirunelveli, Tamil Nadu, India; Dept. of Computer Applications, Vels Institute of Science, Technology and Advanced Studies, Chennai, Tamil Nadu, India; Dept. of Computer Applications (UG), Vels Institute of Science, Technology and Advanced Studies, Chennai, Tamil Nadu, India",2026 International Conference on Electronics and Renewable Systems (ICEARS),"9 Mar 2026","2026","","","592","598","Containerized microservices have become the backbone of the large-scale cloud platforms, though their dynamic scaling patterns and heterogeneous workloads present massive challenges in maintaining the efficient load distribution. Existing scheduling and balancing mechanisms frequently stumble with workload spikes, resource fragmentation and real-time orchestration decisions and will eventually degrade system throughput and service quality. This research proposes a scalable load balancing framework especially for microservice-based cloud environments, which is composed of adaptive traffic shaping, resource-aware scheduling, and reinforcement-learning-based autoscaling. The proposed approach makes use of Kubernetes-native telemetry, service mesh telemetry, and a multi-objective optimization engine, in order to balance the CPU, memory, and network requirements across distributed clusters. Quantitative evaluation on 500 service testbed shows 27% improvement on request throughput, 33% reduction on average response latency and 18% improvement on resource utilization compared with 5 state-of-the-art baselines. The results can be concluded as intelligent and feedback-driven balancing strategies can lead to a significant impact on the orchestration efficiency in complex cloud deployment and support sustainable scaling for production-grade applications.","","979-8-3315-4881-0","10.1109/ICEARS67481.2026.11416605","","https://ieeexplore.ieee.org/stamp/stamp.jsp?arnumber=11416605","Load balancing;Microservices architecture;Kubernetes orchestration;Autoscaling mechanisms;Reinforcement learning optimization","Training;Microservice architectures;Reinforcement learning;Throughput;Load management;Real-time systems;Telemetry;Resource management;Optimization;Testing","","","","15","IEEE","9 Mar 2026","11-13 Feb. 2026","11-13 Feb. 2026","IEEE","IEEE Conferences"
"Balancing Load: An Adaptive Traffic Management Scheme for Microservices","J. Zhou; X. Li; Q. Wang; X. Qin; W. Miao; J. Tian","College of Computer Science and Technology, Nanjing University of Aeronautics and Astronautics, Nanjing, China; College of Computer Science and Technology, Nanjing University of Aeronautics and Astronautics, Nanjing, China; Department of Military Training and Management, Army Command College, Nanjing, China; College of Computer Science and Technology, Nanjing University of Aeronautics and Astronautics, Nanjing, China; State Grid Jiangsu Electric Power Co., Ltd. Information & Telecommunication Branch, China; State Grid Hunan Electric Power Co., Ltd. Information & Telecommunication Branch, China",2022 IEEE 28th International Conference on Parallel and Distributed Systems (ICPADS),"27 Mar 2023","2023","","","641","648","Service Mesh has become one of the most popular microservices governance frameworks. In the service governance function of traffic management, how to design an efficient strategy for request distribution to minimize response time has attracted wide research interest. Generally, a traffic policy can be pre-set manually. However, such a static policy always performs terribly when the load changes dynamically. That is, Service Mesh cannot adaptively select the optimal policy when setting service version diversion and selecting instances on the service subset. To address this issue, in this paper, we designed an adaptive strategy based on split-flow to achieve global load balancing. Furthermore, we implement such a strategy by developing a plug-in named DTMA for Istio, a typical representative of Service Mesh. By obtaining the Service Mesh node’s topology and global instance load distribution in real-time, Istio updates the optimal split-flow weight and selects the suitable load balancing strategy. Extensive experimental results show that our algorithm can reduce the response time by nearly half and keep a load of nodes and instances stable compared with Istio’s native configuration. The optimization effect of minimizing the response time is achieved through real-time load balancing.","2690-5965","978-1-6654-7315-6","10.1109/ICPADS56603.2022.00089","","https://ieeexplore.ieee.org/stamp/stamp.jsp?arnumber=10077895","Service Mesh;Traffic management;Real-Time;Load balancing;Istio","Automation;Source coding;Scalability;Microservice architectures;Elasticity;Load management;Real-time systems","","4","","25","IEEE","27 Mar 2023","10-12 Jan. 2023","10-12 Jan. 2023","IEEE","IEEE Conferences"
"Container-Specific Service Mesh-Based System for Mitigating Lateral Movement Attacks","G. Yoon; J. Shin; J. -S. Kim; S. Kim; J. Jeong; Y. -H. Choi","School of Computer Science and Engineering, Pusan National University, Busan, Republic of Korea; Department of Computer Science and Engineering, University of California, Merced, CA, USA; School of Computer Science and Engineering, Pusan National University, Busan, Republic of Korea; School of Computer Science and Engineering, Pusan National University, Busan, Republic of Korea; School of Computer Science and Engineering, Pusan National University, Busan, Republic of Korea; School of Computer Science and Engineering, Pusan National University, Busan, Republic of Korea",IEEE Transactions on Cloud Computing,"9 Mar 2026","2026","14","1","92","109","The dynamic nature of containers within a Kubernetes cluster substantially expands the potential attack surface. In particular, lateral movement attacks enable adversaries to compromise additional subsystems after gaining initial access. To defend against lateral movement attacks, most anomaly detection methods rely on offline learning using system call data accumulated over a period of time. However, such offline learning methods struggle to capture the unique system call patterns of individual containers and lack adaptability to changes caused by frequent container updates. To address these limitations, we propose a new service mesh-based system for online learning of container-specific system call patterns observed under cloud-native microservice environments. The proposed service mesh-based system consists of three key functional processes as follows: (i) a zero-copy-based system call collection process, which leverages eBPF for efficient monitoring; (ii) an anomaly detection and container isolation process, which employs lightweight machine learning models, and leverages a proxy container for swift traffic control; and (iii) a container-specific online learning process, which continuously updates anomaly detection models by learning observed system call sequences. From the experimental results, we show that the proposed zero-copy-based system call collection process significantly improves system call collection speeds by as much as 4.5 times and shows lower CPU usage by as much as half compared to other state-of-the-art methods. Furthermore, the container-specific online learning process consistently outperforms offline learning approaches across various system call datasets and maintains stable detection performance by continuously adapting to behavioral changes caused by container updates over time.","2168-7161","","10.1109/TCC.2026.3657486","Institute of Information & Communications Technology Planning & Evaluation; Information Technology Research Center; Ministry of Science and ICT(grant numbers:IITP-2025-RS-2023-00259967); Basic Science Research Program; National Research Foundation of Korea; Ministry of Education(grant numbers:2022R1I1A3055233); NRF; Korea government(grant numbers:RS-2023-00217689); ","https://ieeexplore.ieee.org/stamp/stamp.jsp?arnumber=11362971","Lateral movement;anomaly detection;service mesh;online learning;cloud-native","Containers;Cloud computing;Monitoring;Security;Anomaly detection;Kernel;Microservice architectures;Adaptation models;Real-time systems;Process control","","","","55","IEEE","23 Jan 2026","Jan.-March 2026","","IEEE","IEEE Journals"
"Multi-Cloud Connectivity for Kubernetes in 5G Networks","L. Osmani; T. Kauppinen; M. Komu; S. Tarkoma","University of Helsinki, Finland; Ericsson Research, Finland; Ericsson Research, Finland; University of Helsinki, Finland",IEEE Communications Magazine,"26 Nov 2021","2021","59","10","42","47","The state of the art in designing scalable services relies on microservices with Kubernetes being the de facto platform for deploying them. While the Cloud Native Computing Foundation has standardized and improved several features in Kubernetes, one of the challenges remaining is that using multiple clouds simultaneously and dynamically, for example, in a hybrid-cloud setting, is not possible. We address this crucial challenge by integrating the multi-cloud computing solution Federated Kubernetes with the emerging multi-cloud networking tool Network Service Mesh (NSM). This is the first solution for enabling Kubernetes-based multi-cloud workloads with seamless connectivity meeting the requirements for multi-cloud services and the telco industry in 5G and beyond systems.","1558-1896","","10.1109/MCOM.110.2100124","","https://ieeexplore.ieee.org/stamp/stamp.jsp?arnumber=9627828","","Cloud computing;Performance evaluation;5G mobile communication;Benchmark testing;Scalability;Throughput","","34","","15","IEEE","26 Nov 2021","October 2021","","IEEE","IEEE Magazines"
"Dynamically meeting performance objectives for multiple services on a service mesh","F. Shahab Samani; R. Stadler","Dept. of Computer Science, KTH Royal Institute of Technology, Sweden; Dept. of Computer Science, KTH Royal Institute of Technology, Sweden",2022 18th International Conference on Network and Service Management (CNSM),"2 Dec 2022","2022","","","219","225","We present a framework that lets a service provider achieve end-to-end management objectives under varying load. Dynamic control actions are performed by a reinforcement learning (RL) agent. Our work includes experimentation and evaluation on a laboratory testbed where we have implemented basic information services on a service mesh supported by the Istio and Kubernetes platforms. We investigate different management objectives that include end-to-end delay bounds on service requests, throughput objectives, and service differentiation. These objectives are mapped onto reward functions that an RL agent learns to optimize, by executing control actions, namely, request routing and request blocking. We compute the control policies not on the testbed, but in a simulator, which speeds up the learning process by orders of magnitude. In our approach, the system model is learned on the testbed; it is then used to instantiate the simulator, which produces near-optimal control policies for various management objectives. The learned policies are then evaluated on the testbed using unseen load patterns.","2165-963X","978-3-903176-51-5","10.23919/CNSM55787.2022.9965074","","https://ieeexplore.ieee.org/stamp/stamp.jsp?arnumber=9965074","Performance management;reinforcement learning;service mesh;digital twin","Computational modeling;Process control;Information services;Reinforcement learning;Throughput;Routing;Delays","","10","","20","","2 Dec 2022","31 Oct.-4 Nov. 2022","31 Oct.-4 Nov. 2022","IEEE","IEEE Conferences"
"Service Level Objective Adaptive Energy Efficiency Management","C. Song; F. Jiang; X. Liang; N. Ahuja; M. J. Kumar","Intel Asia-Pacific Research & Development Ltd., Shanghai, China; Intel Asia-Pacific Research & Development Ltd., Shanghai, China; Intel Asia-Pacific Research & Development Ltd., Shanghai, China; Intel Asia-Pacific Research & Development Ltd., Shanghai, China; Intel Asia-Pacific Research & Development Ltd., Shanghai, China",2022 IEEE 28th International Conference on Parallel and Distributed Systems (ICPADS),"27 Mar 2023","2023","","","586","592","Cloud applications are transforming to microservice based deployment. Microservice comes with many advantages-scalability, agility, availability – and it suits the complicated cloud applications. For microservice deployment, service quality metrics play important role to ensure reliable user experiences for those applications built upon many small services, and the service level objective (SLO) is adopted to govern resource provision for optimal operation cost. Amid growing awareness on data center carbon emission, more organizations are paying attention to energy-efficient practices in cloud deployment to reduce energy consumption and operational carbon footprint. Modern processors provide fine-grained power scaling capabilities, e.g., Intel Xeon PCPS (PerCore P-States), this paper presented a dynamic energy efficiency management framework to adaptively scale processor core frequency as well as implicated energy consumption in accordance with service quality requirements. In this paper, we discussed hurdles and solutions for applying platform energy intelligence to microservices that are often with intrinsic platform-agnostic. The experiments proved the proposed method can effectively reduce energy consumption with competitive cost benefits without compromising service quality goals.","2690-5965","978-1-6654-7315-6","10.1109/ICPADS56603.2022.00082","","https://ieeexplore.ieee.org/stamp/stamp.jsp?arnumber=10077892","Microservices;Service Mesh;Per-Core P-States;Service Level Objective (SLO);Service Level Indicator (SLI);Energy Efficiency;Carbon Reduction;Sustainability;Adaptive Control;Core Frequency Scaling","Energy consumption;Program processors;Costs;Power system management;Memory management;Microservice architectures;Tail","","","","12","IEEE","27 Mar 2023","10-12 Jan. 2023","10-12 Jan. 2023","IEEE","IEEE Conferences"
"A Study of Service Registration and Discovery Techniques in Microservice Architecture","X. Zhu; Y. Lv; J. Liu; X. Dong; L. Li; J. Wang","School of Computer Science and Technology, Xidian University, Xi'an, China; School of Computer Science and Technology, Xidian University, Xi'an, China; School of Computer Science and Technology, Xidian University, Xi'an, China; School of Computer Science and Technology, Xidian University, Xi'an, China; China Electronics Standardization Institute, Beijing, China; School of Computer Science and Technology, Xidian University, Xi'an, China",2022 International Conference on Networking and Network Applications (NaNA),"30 Dec 2022","2022","","","1","6","The microservice architecture has become a key technology in the development of the Internet. It brings a revolutionary development to the software production relationship and effectively improves the scalability and stability of the system. However, as the system evolves and the microservice splitting granularity is wrefined, the scale of microservices explodes and problems such as extended service discovery time and high service maintenance costs arise. For these problems, this paper proposes a detection mesh scheme (DM) based on service mesh and service semantics, which is divided into two main parts: service registration and service discovery. In terms of the service registration, based on the idea of a service mesh, the microservice governance and microservice development are deeply decoupled. In terms of the service discovery, the local-remote algorithm is proposed by considering the path, semantics, and state of microservices. In addition, a hierarchical ontology model is builded to provide a solid foundation for service registration and service discovery. Through experimental verification, compared with the web service discovery based on the maximum weighted bipartite graphs scheme(WSDMWBG), the DM scheme improves 12.71% in first hit rate and 28.3% in total microservice call time, effectively reducing the service discovery latency.","","978-1-6654-6131-3","10.1109/NaNA56854.2022.00053","National Natural Science Foundation of China(grant numbers:62102303,No.61901388); Key R&D Program of Shaanxi Province(grant numbers:2021KWZ-04); Natural Science Basic Research Program of Shaanxi(grant numbers:2019JC-17); ","https://ieeexplore.ieee.org/stamp/stamp.jsp?arnumber=9985191","microservice architecture;service governance;service mesh;service registration and discovery","Solid modeling;Web services;Scalability;Semantics;Microservice architectures;Computer architecture;Production","","1","","21","IEEE","30 Dec 2022","3-5 Dec. 2022","3-5 Dec. 2022","IEEE","IEEE Conferences"
"Symmetric Orchestration Under Service Mesh Paradigm: Empowering Massive Online Applications in Edge Clouds","K. Peng; T. Liao; M. Ren; Y. Hu; L. Wu; M. Hu; H. Jiang","Hubei Key Laboratory of Smart Internet Technology, School of Electronic Information and Communication, Huazhong University of Science and Technology, Wuhan, China; Hubei Key Laboratory of Smart Internet Technology, School of Electronic Information and Communication, Huazhong University of Science and Technology, Wuhan, China; Hubei Key Laboratory of Smart Internet Technology, School of Electronic Information and Communication, Huazhong University of Science and Technology, Wuhan, China; Hubei Key Laboratory of Smart Internet Technology, School of Electronic Information and Communication, Huazhong University of Science and Technology, Wuhan, China; Hubei Key Laboratory of Smart Internet Technology, School of Electronic Information and Communication, Huazhong University of Science and Technology, Wuhan, China; Hubei Key Laboratory of Smart Internet Technology, School of Electronic Information and Communication, Huazhong University of Science and Technology, Wuhan, China; College of Computer Science and Electronic Engineering, Hunan University, Changsha, China",IEEE Transactions on Mobile Computing,"4 Feb 2026","2026","25","3","4300","4316","With the rapid advancement of edge computing, service mesh has emerged as a critical technology for improving network performance, owing to its flexibility and scalability. However, massive online applications in edge clouds pose significant challenges to microservice orchestration, including high concurrency, complex service dependencies, strict response delay requirements, and fast orchestration needs. Addressing these challenges requires efficient and fast orchestration strategies, but existing approaches often lack accurate models and effective algorithms to handle these complexities. To tackle the above challenges, this paper proposes an efficient Symmetric Microservice Deployment (SMD) algorithm for fast orchestration. First, accurate modeling is achieved with the queuing network, which analyzes intertwined requests and calculates detailed delays. Moreover, the SMD algorithm simplifies the coupling between deployment and routing by considering internal dependencies during deployment. This integrated approach eliminates the need for separate routing solutions and ensures provable optimal performance under symmetric deployment. Experimental results demonstrate that, compared to four baseline algorithms, the proposed method reduces response delay by 25.5% and execution time by 58.4%, showcasing the potential and advantages of the algorithm for optimizing microservice orchestration in edge clouds networks.","1558-0660","","10.1109/TMC.2025.3624628","National Key Research and Development Program of China(grant numbers:2022ZD0117104); National Natural Science Foundation of China(grant numbers:62171189); Key Research and Development Program of Hubei Province(grant numbers:2024BAA011); ","https://ieeexplore.ieee.org/stamp/stamp.jsp?arnumber=11216039","Service mesh;microservice;massive online applications;queuing network;service orchestration;edge clouds","Routing;Optimization;Microservice architectures;Cloud computing;Delays;Program processors;Resource management;Heuristic algorithms;Approximation algorithms;Real-time systems","","1","","42","IEEE","23 Oct 2025","March 2026","","IEEE","IEEE Journals"
"Data-driven Adaptation in Microservice-based IoT Architectures","M. D. Sanctis; H. Muccini; K. Vaidhyanathan","Gran Sasso Science Institute, L’Aquila, Italy; University of L’Aquila, L’Aquila, Italy; Gran Sasso Science Institute, L’Aquila, Italy",2020 IEEE International Conference on Software Architecture Companion (ICSA-C),"19 May 2020","2020","","","59","62","Architecting self-adaptive Internet of Things (IoT) systems pose a lot of challenges due to heterogeneity, resource constraints, interoperability, etc. Although microservice architectures (MSA) emerged as a popular solution for developing next generation IoT systems, they further increase these challenges. This can be attributed to the complexity involved in managing adaptation concerns arising at different levels: i) IoT devices level, due to open and changing contexts, resource constraints, etc; ii) microservices level, due to dynamic resource demands; iii) application level itself, due to the changing user goals. In fact, recent studies have shown that traditional self-adaptation techniques are not flexible enough to be applied to MSA based systems. Moreover, what proposed in the literature handles adaptation either at the architectural level or at the application level. Towards this direction, we propose a self-adaptive architecture for microservice-based IoT systems. In particular, the architecture supports data-driven adaptations, by also leveraging machine learning techniques, and handles adaptations at different levels in a different manner: i) at device level, through a fog layer; ii) at microservice level, by leveraging the use of service mesh; iii) at application level, by means of dynamic QoS-aware service composition.","","978-1-7281-7415-0","10.1109/ICSA-C50368.2020.00019","","https://ieeexplore.ieee.org/stamp/stamp.jsp?arnumber=9095735","Self-adaptation;microservices;IoT architectures;machine learning;adaptation levels;data-driven adaptation;software architecture","Quality of service;Adaptation models;Performance evaluation;Internet of Things;Predictive models;Computer architecture;Monitoring","","18","","22","IEEE","19 May 2020","16-20 March 2020","16-20 March 2020","IEEE","IEEE Conferences"
"Performance Analysis of Different Ingress Controllers Within the Kubernetes Cluster","G. Rathi; S. Amin; S. Jain; M. Yachawad; K. Digholkar","Information Technology, Pune Institute Of Computer Technology, Pune, India; Information Technology, Pune Institute Of Computer Technology, Pune, India; Information Technology, Pune Institute Of Computer Technology, Pune, India; Information Technology, Pune Institute Of Computer Technology, Pune, India; Information Technology, Pune Institute Of Computer Technology, Pune, India","2024 IEEE International Conference on Information Technology, Electronics and Intelligent Communication Systems (ICITEICS)","22 Aug 2024","2024","","","1","6","The demand for effective and adaptable traffic routing systems has significantly increased as businesses use container orchestration platforms like Kubernetes. By addressing Kubernetes' intrinsic restrictions on external access, Ingress Controller helps to provide a more reliable, secure, and controllable infrastructure for containerised applications. In Kubernetes, the problem of traffic routing and external access for services inside a cluster is handled by an Ingress Controller. It serves as a specialized layer that controls incoming traffic, offering a declarative and centralized method for load balancing, creating routing rules, and making services visible to the public. The study examines many types of ingress controllers that are out there, each with unique characteristics and functionalities, such as NGNIX, HAProxy, Istio, Traefik and customized ingress controllers. In order for the user to determine which ingress controller will effectively meet the needs of the applications, the study compares a few ingress controllers from the various ingress controller categories based on the features they offer, service response time, and throughput performance.","","979-8-3503-8269-3","10.1109/ICITEICS61368.2024.10625280","","https://ieeexplore.ieee.org/stamp/stamp.jsp?arnumber=10625280","Kubernetes;Ingress Controller;Traffic Routing","Navigation;Decision making;Containers;Routing;Throughput;Load management;Performance analysis","","1","","10","IEEE","22 Aug 2024","28-29 June 2024","28-29 June 2024","IEEE","IEEE Conferences"
"MicroFI: Non-Intrusive and Prioritized Request-Level Fault Injection for Microservice Applications","H. Chen; P. Chen; G. Yu; X. Li; Z. He","School of Computer Science and Engineering, Sun Yat-Sen University, Guangzhou, China; School of Computer Science and Engineering, Sun Yat-Sen University, Guangzhou, China; School of Computer Science and Engineering, Sun Yat-Sen University, Guangzhou, China; School of Computer Science and Engineering, Sun Yat-Sen University, Guangzhou, China; School of Computer Science and Engineering, Sun Yat-Sen University, Guangzhou, China",IEEE Transactions on Dependable and Secure Computing,"3 Sep 2024","2024","21","5","4921","4938","Microservice is a widely-adopted architecture for constructing cloud-native applications. To test application resiliency, chaos engineering is widely used to inject faults proactively in applications. However, the searching space formed by possible injection locations is huge due to the scale and complexity of the application. Although some methods are proposed to effectively explore injection space, they cannot prioritize high-impact injection solutions. Additionally, the blast radius of faults injected by existing methods is typically full of uncertainty, causing faults of multiple application functions. Although some tools are designed to conduct request-level injection, they require instrumentation on application code. To tackle these problems, this paper presents MicroFI, a non-intrusive fault injection framework, aiming to efficiently test different application functions with request-level injection. Request-level injection limits the blast radius to specified requests without any source code modification. Additionally, MicroFI leverages historical injection results and parallel technique to accelerate the searching. Moreover, An enhanced PageRank is used to measure the impact of faults and prioritize high-impact faults that fail more functions. Evaluations on three microservice applications show that MicroFI precisely injects faults and reduces up to 91% redundant faults on average. Additionally, by employing prioritization, MicroFI reduces an average of 47.3% injection budgets to cover all high-impact faults.","1941-0018","","10.1109/TDSC.2024.3363902","National Key Research and Development Program of China(grant numbers:2019YFB1804002); Basic and Applied Basic Research Foundation of Guangdong Province(grant numbers:2023B1515020054); National Natural Science Foundation of China(grant numbers:62272495); Alibaba(grant numbers:20925056); ","https://ieeexplore.ieee.org/stamp/stamp.jsp?arnumber=10428037","Microservice;fault injection;chaos engineering;service mesh;tracing","Microservice architectures;Computer crashes;Space exploration;Source coding;Instruments;Aerospace electronics;Resilience","","8","","75","IEEE","8 Feb 2024","Sept.-Oct. 2024","","IEEE","IEEE Journals"
"Microscaler: Cost-Effective Scaling for Microservice Applications in the Cloud With an Online Learning Approach","G. Yu; P. Chen; Z. Zheng","School of Data and Computer Science, Sun Yat-sen University, Guangzhou, China; School of Data and Computer Science, Sun Yat-sen University, Guangzhou, China; School of Data and Computer Science, Sun Yat-sen University, Guangzhou, China",IEEE Transactions on Cloud Computing,"7 Jun 2022","2022","10","2","1100","1116","Recently, the microservice becomes a popular architecture to construct cloud native systems due to its agility. In cloud native systems, autoscaling is a key enabling technique to adapt to workload changes by acquiring or releasing the right amount of computing resources. However, it becomes a challenging problem in microservice applications, since such an application usually comprises a large number of different microservices with complex interactions. When the performance decreases due to an unpredictable workload peak, it is difficult to pinpoint the scaling-needed services which need to scale out and evaluate how many resources they need. In this article, we present a novel system named Microscaler to automatically identify the scaling-needed services and scale them to meet the Service Level Agreement (SLA) with an optimal cost for microservice applications. Microscaler first collects the quality of service (QoS) metrics in the service mesh enabled microservice infrastructure. Then, it determines under-provisioning or over-provisioning service instances along the service dependency graph with a novel scaling-needed service criterion named service power. The service dependency graph could be obtained by correlating each request flow in the service mesh. By combining an online learning approach and a step-by-step heuristic approach, Microscaler can precisely reach the optimal service scale meeting the SLA requirements. The experimental evaluations in a microservice benchmark show that Microscaler achieves an average 93 percent precision in scaling-needed service determination and converges to the optimal service scale faster than several state-of-the-art methods. Moreover, Microscaler is lightweight and flexible enough to work in a large-scale microservice system.","2168-7161","","10.1109/TCC.2020.2985352","National Key R&D Program of China(grant numbers:2019YFB1804002); National Natural Science Foundation of China(grant numbers:61802448,61722214,U1811462); National Science Foundation of Guangdong(grant numbers:2019A1515012229); ","https://ieeexplore.ieee.org/stamp/stamp.jsp?arnumber=9057418","Auto-scaling;microservice;service mesh;Bayesian optimization;cloud computing","Cloud computing;Measurement;Computer architecture;Quality of service;Virtual machining;Benchmark testing;Bayes methods","","71","","55","IEEE","6 Apr 2020","1 April-June 2022","","IEEE","IEEE Journals"
"Collaborative Orchestration with Probabilistic Routing for Dynamic Service Mesh in Clouds","Y. Hu; H. Ding; H. Chen; J. He; M. Hu; C. Cai; K. Peng","Hubei Key Laboratory of Smart Internet Technology, School of Electronic Information and Communications, Huazhong University of Science and Technology, China; Hubei Key Laboratory of Smart Internet Technology, School of Electronic Information and Communications, Huazhong University of Science and Technology, China; Hubei Key Laboratory of Smart Internet Technology, School of Electronic Information and Communications, Huazhong University of Science and Technology, China; Hubei Key Laboratory of Smart Internet Technology, School of Electronic Information and Communications, Huazhong University of Science and Technology, China; Hubei Key Laboratory of Smart Internet Technology, School of Electronic Information and Communications, Huazhong University of Science and Technology, China; College of Life Science and Technology, Huazhong University of Science and Technology, China; Hubei Key Laboratory of Smart Internet Technology, School of Electronic Information and Communications, Huazhong University of Science and Technology, China",IEEE INFOCOM 2025 - IEEE Conference on Computer Communications,"1 Jul 2025","2025","","","1","10","Service mesh architectures decouple Internet applications into lightweight and modular microservices for flexible development. However, in large-scale microservice systems, frequent data communications, intricate call dependencies, and stringent Service Level Objective (SLO) requirements bring severe difficulties to ingenious service mesh orchestration. To adapt to time-varying and stochastic properties of concurrent requests with various SLOs and service multiplexing, the orchestration scheme is dynamically adjusted. In this case, the problems of multi-instance microservice deployment and request routing in service mesh architectures are tightly-coupled, and cannot be well optimized individually, further enlarging the challenge to collaborative orchestration in dynamic scenarios. Nevertheless, most existing work did not propose the fine-grained models and methods for the above challenges. Therefore, this paper studies the dynamic service mesh orchestration with probabilistic routing for tree-like microservice graphs in clouds. First, the joint optimization problem is approximately submodular, and we construct a multi-instance model based on open Jackson queuing networks to accurately capture complex dependencies and analyze full response latency. To improve the overall performance, we propose an efficient cardinal-constrained algorithm to implement topology-aware microservice autoscaling and migration, and adaptive probabilistic routing. Finally, through extensive trace-driven experiments, our method is validated to be superior to other baselines.","2641-9874","979-8-3315-4305-1","10.1109/INFOCOM55648.2025.11044542","National Natural Science Foundation of China(grant numbers:62171189); ","https://ieeexplore.ieee.org/stamp/stamp.jsp?arnumber=11044542","","Multiplexing;Cloud computing;Microservice architectures;Collaboration;Stochastic processes;Routing;Probabilistic logic;Approximation algorithms;Queueing analysis;Optimization","","2","","37","IEEE","1 Jul 2025","19-22 May 2025","19-22 May 2025","IEEE","IEEE Conferences"
"Protocol-Independent Context Propagation for Sharing Microservices in Multiple Environments","H. Onoe; D. Kotani; Y. Okabe","Kyoto University, Kyoto, Japan; Kyoto University, Kyoto, Japan; Kyoto University, Kyoto, Japan",2023 IEEE International Conference on Cloud Engineering (IC2E),"6 Nov 2023","2023","","","11","20","In systems designed based on microservice architecture, many production-like environments should be deployed for testing, staging, debugging, and previewing. One way to reduce resource consumption while deploying many environments is to allow sharing of common microservices in multiple environments, and current mechanisms extend application layer protocols like HTTP and gRPC to propagate contexts including environment identifiers and to route requests. However, microservices also use other protocols such as MySQL, Redis, Memcached, and AMQP, and extending each protocol requires lots of effort to implement the extensions. This paper proposes PiCoP, a framework to propagate contexts and route requests independently of application layer protocols. PiCoP consists of a protocol that propagates contexts without interpreting application layer protocols by adding contexts to the front of each TCP byte stream and a proxy that uses the protocol to route requests. We design the protocol to make instrumentation into a system as easy as possible. We showed that PiCoP could reduce resource usage, that the proxy's communication delay is within a practical range, and that it makes sharing microservices in multiple environments with any application layer protocols possible.","2694-0825","979-8-3503-4394-6","10.1109/IC2E59103.2023.00010","","https://ieeexplore.ieee.org/stamp/stamp.jsp?arnumber=10305815","Microservices;Context Propagation;Test Environment;Service Mesh","Performance evaluation;Instruments;Microservice architectures;Prototypes;Debugging;Routing;Routing protocols","","1","","45","IEEE","6 Nov 2023","25-29 Sept. 2023","25-29 Sept. 2023","IEEE","IEEE Conferences"
"A Qualitative Evaluation of Service Mesh-based Traffic Management for Mobile Edge Cloud","A. O. Duque; C. Klein; J. Feng; X. Cai; B. Skubic; E. Elmroth","Department of Computing Science, Umeå University, Sweden; Department of Computing Science, Umeå University, Sweden; Ericsson Research, Cloud Systems and Platforms, Sweden; Ericsson Research, Cloud Systems and Platforms, Sweden; Ericsson Research, Cloud Systems and Platforms, Sweden; Department of Computing Science, Umeå University, Sweden","2022 22nd IEEE International Symposium on Cluster, Cloud and Internet Computing (CCGrid)","19 Jul 2022","2022","","","210","219","Service mesh is getting widely adopted as the cloud-native mechanism for traffic management in microservice-based applications, in particular for generic IT workloads hosted in more centralized cloud environments. Performance-demanding applications continue to drive the decentralization of modern application execution environments, as in the case of mobile edge cloud. This paper presents a systematic and qualitative analysis of state-of-the-art service mesh to evaluate how suitable its design is for addressing the traffic management needs of performance-demanding application workloads hosted in a mobile edge cloud environment. With this analysis, we argue that today's dependability-centric service mesh design fails at addressing the needs of the different types of emerging mobile edge cloud workloads and motivate further research in the directions of performance-efficient architectures, stronger QoS guarantees and higher complexity abstractions of cloud-native traffic manage-ment frameworks.","","978-1-6654-9956-9","10.1109/CCGrid54584.2022.00030","Knut and Alice Wallenberg Foundation; ","https://ieeexplore.ieee.org/stamp/stamp.jsp?arnumber=9826077","service mesh;efficient traffic management;mo-bile edge cloud;multi-access edge computing;performance-demanding applications;software engineering","Cloud computing;Systematics;Microservice architectures;Quality of service;Computer architecture;Complexity theory","","6","","14","IEEE","19 Jul 2022","16-19 May 2022","16-19 May 2022","IEEE","IEEE Conferences"
"ClariNet: Optimizing Cross-Workload Connectivity in VM-Container Hybrid Environments","J. Shin; J. Nam","Department of AI-Based Convergence, Dankook University; Department of Computer Engineering, Dankook University",2025 30th Asia-Pacific Conference on Communications (APCC),"15 Dec 2025","2025","","","1","6","Container and VM workloads frequently coexist in modern environments but operate on distinct networking architectures: containers rely on network namespaces, veth pairs, and iptables, whereas VMs use virtual NICs connected to TAP devices and Linux bridges. This disparity results in two fundamental challenges: the absence of native cross-workload service discovery and inefficient communication paths that require manual configuration or traverse multiple redundant layers, incurring latency and processing overhead. We propose ClariNet, an eBPF-based system that accelerates VM-container communication by intercepting packets early in the kernel networking path and establishing direct forwarding channels between endpoints. By maintaining a unified view of container and VM endpoint metadata, ClariNet enables immediate forwarding decisions without service mesh proxies or external registries, reducing packet processing stages from over eight to three. Evaluation on a production mixed VM/container deployment demonstrates that ClariNet improves throughput by 10.4% and significantly lowers latency across all percentiles compared to default networking paths, showing its effectiveness in addressing cross-workload communication inefficiencies.","2163-0771","978-4-88552-359-5","10.23919/APCC64555.2025.11279725","","https://ieeexplore.ieee.org/stamp/stamp.jsp?arnumber=11279725","Cloud networking;VM-container connectivity;eBPF-based network optimization","Cloud computing;Scalability;Linux;Production;Manuals;Containers;Metadata;Throughput;Virtual machines;Optimization","","","","21","","15 Dec 2025","26-28 Nov. 2025","26-28 Nov. 2025","IEEE","IEEE Conferences"
"Leveraging Large Language Models for Anomaly Detection in Microservices Architectures","D. F. Pedroso; L. Almeida; W. A. A. Aisawa; I. Dutra; S. M. Bruschi","USP - University of São Paulo, ICMC - Institute of Mathematical and Computer Sciences, São Carlos, Brazil; Department of Computer Science, FCUP - Faculty of Sciences of the University of Porto, Porto, Portugal; USP - University of São Paulo, ICMC - Institute of Mathematical and Computer Sciences, São Carlos, Brazil; Department of Computer Science, FCUP - Faculty of Sciences of the University of Porto, Porto, Portugal; USP - University of São Paulo, ICMC - Institute of Mathematical and Computer Sciences, São Carlos, Brazil",2025 IEEE/SBC 37th International Symposium on Computer Architecture and High Performance Computing Workshops (SBAC-PADW),"1 Dec 2025","2025","","","92","99","Cloud computing has become a key enabler of scalable and high-performance applications, allowing systems to be deployed rapidly. At the same time, the increasing sophistication of cloud-native environments brings new challenges related to system dependability. Ensuring resilience under such conditions is a fundamental responsibility of IT providers, who must safeguard service continuity and operational stability. The widespread use of microservice-based designs has created an ecosystem with a growing number of interacting components, including frameworks, application layers, hypervisors, and orchestration platforms. This distributed and layered environment produces a massive volume of log data originating from heterogeneous sources. Without automated support, extracting useful insights from these logs becomes a highly complex task. One promising direction to mitigate this challenge is the use of Machine Learning, particularly methods grounded in Large Language Models (LLMs), which can dynamically detect recurring structures and anomalies in event streams. Building on this idea, our work introduces an anomaly detection framework deployed within a microservices environment running on Kubernetes with Istio. The framework integrates an LLM trained on a diverse set of fault scenarios. To create these scenarios, we relied on Chaos Mesh for fault injection and Locust for workload stress testing. The evaluation confirmed that the model achieved high accuracy in identifying anomalies. It consistently detected all injected faults, although a small number of false positives were observed. Importantly, these false alarms remained at acceptable levels, highlighting the approach’s practical applicability.","","979-8-3315-6055-3","10.1109/SBAC-PADW69789.2025.00021","","https://ieeexplore.ieee.org/stamp/stamp.jsp?arnumber=11264641","LLM;Anomaly Detection;Microservices;AWS","Cloud computing;Virtual machine monitors;Large language models;Microservice architectures;Computer architecture;Stability analysis;Anomaly detection;Stress;Testing;Resilience","","","","14","IEEE","1 Dec 2025","28-31 Oct. 2025","28-31 Oct. 2025","IEEE","IEEE Conferences"
"Microscaler: Automatic Scaling for Microservices with an Online Learning Approach","G. Yu; P. Chen; Z. Zheng","School of Data and Computer Science, Sun Yat-sen University; School of Data and Computer Science, Sun Yat-sen University; National Engineering Research Center of Digital Life, Sun Yat-sen University, Guangzhou, China",2019 IEEE International Conference on Web Services (ICWS),"29 Aug 2019","2019","","","68","75","Recently, the microservice becomes a popular architecture to construct cloud native systems due to its agility. In cloud native systems, autoscaling is a core enabling technique to adapt to workload changes by scaling out/in. However, it becomes a challenging problem in a microservice system, since such a system usually comprises a large number of different micro services with complex interactions. When bursty and unpredictable workloads arrive, it is difficult to pinpoint the scaling-needed services which need to scale and evaluate how much resource they need. In this paper, we present a novel system named Microscaler to automatically identify the scaling-needed services and scale them to meet the service level agreement (SLA) with an optimal cost for micro-service systems. Microscaler collects the quality of service metrics (QoS) with the help of the service mesh enabled infrastructure. Then, it determines the under-provisioning or over-provisioning services with a novel criterion named service power. By combining an online learning approach and a step-by-step heuristic approach, Microscaler could achieve the optimal service scale satisfying the SLA requirements. The experimental evaluations in a micro-service benchmark show that Microscaler converges to the optimal service scale faster than several state-of-the-art methods.","","978-1-7281-2717-0","10.1109/ICWS.2019.00023","","https://ieeexplore.ieee.org/stamp/stamp.jsp?arnumber=8818401","Auto-scaling;Micro service;Service Mesh;Bayesian Optimization;Cloud computing","Measurement;Cloud computing;Costs;Web services;Microservice architectures;Quality of service;Computer architecture;Benchmark testing;Optimization;Service level agreements","","89","","24","IEEE","29 Aug 2019","8-13 July 2019","8-13 July 2019","IEEE","IEEE Conferences"
"Graph Attention Networks and Deep Q-Learning for Service Mesh Optimization: A Digital Twinning Approach","M. G. Khan; J. Taheri; A. Kassler; A. B. Asl","Dep. of Mathematics and Computer Science, Karlstad University, Karlstad, Sweden; School of Electronics, Electrical Eng. and Computer Science, Queen's University Belfast, Belfast, United Kingdom; Faculty of Computer Science, Deggendorf Institute of Technology, Deggendorf, Germany; School of Eng. Sciences in Chemistry, Biotech. and Health KTH Royal Inst. of Technology, Stockholm, Sweden",ICC 2024 - IEEE International Conference on Communications,"20 Aug 2024","2024","","","2913","2918","In the realm of cloud native environments, Ku-bernetes has emerged as the de facto orchestration system for containers, and the service mesh architecture, with its interconnected microservices, has become increasingly prominent. Efficient scheduling and resource allocation for these microservices play a pivotal role in achieving high performance and maintaining system reliability. In this paper, we introduce a novel approach for container scheduling within Kubernetes clusters, leveraging Graph Attention Networks (GATs) for representation learning. Our proposed method captures the intricate dependencies among containers and services by constructing a representation graph. The deep Q-learning algorithm is then employed to optimize scheduling decisions, focusing on container-to-node placements, CPU request-response allocation, and adherence to node affinity and anti-affinity rules. Our experiments demonstrate that our GATs-based method outperforms traditional scheduling strategies, leading to enhanced resource utilization, reduced service latency, and improved overall system throughput. The insights gleaned from this study pave the way for a new frontier in cloud native performance optimization and offer tangible benefits to industries adopting microservice-based architectures.","1938-1883","978-1-7281-9054-9","10.1109/ICC51166.2024.10622616","Karlstad University; ","https://ieeexplore.ieee.org/stamp/stamp.jsp?arnumber=10622616","component;formatting;style;styling;insert","Industries;Cloud computing;Job shop scheduling;Q-learning;Microservice architectures;Computer architecture;Containers","","1","","40","IEEE","20 Aug 2024","9-13 June 2024","9-13 June 2024","IEEE","IEEE Conferences"
"Anti-patterns Detection in Microservice-Based Software Architectures Using Graph Analysis","F. A. Mobarakeh; F. S. Aliee","Faculty of Computer Science and Engineering, Shahid Beheshti University, Tehran, Iran; Faculty of Computer Science and Engineering, Shahid Beheshti University, Tehran, Iran",2025 9th Iranian Conference on Advances in Enterprise Architecture (ICAEA),"22 Dec 2025","2025","","","1","8","Microservice architectures promise scalability, flexibility, and rapid delivery, yet their distributed nature makes them susceptible to architectural anti-patterns that erode maintainability, reliability, and performance. This paper presents a graph-based, runtime methodology for detecting such issues in systems orchestrated with Kubernetes and observed via the Istio service mesh. Leveraging mesh telemetry, we automatically construct a Service Dependency Graph (SDG) that captures inter-service communication and operational context; network-analysis metrics and structural queries are then applied to surface problematic architectural structures. The approach scales to large clusters, runs continuously, and requires neither static code inspection nor intrusive changes to application deployments. By turning production telemetry into actionable architectural signals, it enables early remediation and continuous governance of microservice systems.","","979-8-3315-7988-3","10.1109/ICAEA69058.2025.11301540","","https://ieeexplore.ieee.org/stamp/stamp.jsp?arnumber=11301540","Microservices;Microservice Anti-patterns;Dynamic Analysis;Telemetry Data;Architecture Smell","Measurement;Runtime;Software architecture;Scalability;Microservice architectures;Production;Inspection;Turning;Telemetry;Reliability","","","","30","IEEE","22 Dec 2025","11-13 Nov. 2025","11-13 Nov. 2025","IEEE","IEEE Conferences"
"BZTEF: A Blockchain-Based Zero Trust Enforcement Framework for Cloud-Native Environments","A.Sangeetha; P. Vishaliney; K. Gowrisha; N. Manikandan; S. Lokuliyana","Department of Information Technology, Fuculty of Computing, SLIIT Northern Uni, Jaffna, Sri Lanka; Department of Information Technology, Fuculty of Computing, SLIIT Northern Uni, Jaffna, Sri Lanka; Department of Information Technology, Fuculty of Computing, SLIIT Northern Uni, Jaffna, Sri Lanka; Department of Data Science and Business Systems, School of Computing, College of Engineering and Technology, SRM Institute of Science and Technology, India; Department of Computer Systems Engineering, Faculty of Computing, SLIIT, Sri Lanka",2025 IEEE 19th International Conference on Industrial and Information Systems (ICIIS),"26 Mar 2026","2026","19","","316","321","The rapid adoption of cloud-native technologies has transformed enterprise computing by promoting scalability, flexibility, and resilience through microservices and container orchestration platforms such as Kubernetes. Nevertheless, this decentralization has also widened the attacker surface in cyberspace, thus the conventional perimeter-based security models are no longer applicable to the current multi-cloud application. To overcome these obstacles, the paper presents a decentralized security framework, Blockchain-Based Zero Trust Enforcement Framework (BZTEF) that combines the immutability of blockchains with the idea of constant verification of the Zero Trust Architecture (ZTA). The system includes four modules, which are interdependent: Decentralized Identity Management (DID) to validate self-sovereign identity, Smart Contract-Based Access Control (SCAC) to conduct dynamically controlled, Tamper-Proof authorizations, Audit and Compliance Ledger (ACL) to provide immutable auditability and regulatory transparency, and Service Mesh Integration (SMI) to provide secure microservice communication. Kubernetes, Istio and Hyperledger Fabric were used to design a simulated prototype in which synthetic workloads were used to test performance, scalability, and audit integrity. It was shown that the average access latency was 327 ms, audit throughput was in the range of 80 tx/s, and the resource overhead was less than 25%, which confirms the possibility of implementing blockchain-based Zero Trust enforcement. The research proves that proposed framework is remarkably effective in improving auditability, policy consistency and resiliency without affecting scalability, providing a valuable insight into how organizations implementing Zero Trust in decentralized settings can do so.","2690-3423","979-8-3315-7036-1","10.1109/ICIIS69028.2026.11450647","","https://ieeexplore.ieee.org/stamp/stamp.jsp?arnumber=11450647","Blockchain;Zero Trust Architecture;Cloud-Native Security;Identity Management;Smart Contracts;Access Control;Microservices;Immutable Ledger;Cybersecurity","Privacy;Scalability;Smart contracts;Microservice architectures;Prototypes;Threat assessment;Fabrics;Zero Trust;Blockchains;Resilience","","","","13","IEEE","26 Mar 2026","16-17 Jan. 2026","16-17 Jan. 2026","IEEE","IEEE Conferences"
"UAV-Mesh: A Graph-Based Decentralized Service Mesh Framework for UAV Swarms","C. Liu; H. Yu; N. Chen; B. Shen; H. Cai","Shanghai Jiao Tong University, Shanghai, China; Shanghai Jiao Tong University, Shanghai, China; Shanghai Jiao Tong University, Shanghai, China; Shanghai International Studies University, Shanghai, China; Shanghai Jiao Tong University, Shanghai, China",2025 IEEE International Conference on Web Services (ICWS),"30 Sep 2025","2025","","","538","544","Unmanned aerial vehicle (UAV) swarms are useful for mobile and collaborative applications due to their flexibility, scalability, and reliability. However, managing their communication and collaboration in complex environments is challenging. Service mesh has demonstrated excellent performance in managing communication between microservices in cloudnative environments. However, its centralized and static network structure design hinders its adaptability to dynamic topologies, increases vulnerability to single points of failure, and exacerbates resource constraints when applied to UAV swarms. To address these challenges, we propose UAV-Mesh, a graph-based decentralized service mesh framework for UAV swarms. It models the swarm as a dynamic graph for enabling the data plane to adapt to changing topologies, mitigates the risk of single points of failure through a decentralized control plane, and addresses resource constraints by optimizing consensus mechanism and algorithm. UAV Mesh offers a decentralized perspective for the application of service mesh in UAV swarms. Through experiments and analysis involving varying numbers of UAVs in a complex scenario, we demonstrate the effectiveness and efficiency of UAV Mesh in managing and controlling UAV services.","2836-3868","979-8-3315-5563-4","10.1109/ICWS67624.2025.00075","","https://ieeexplore.ieee.org/stamp/stamp.jsp?arnumber=11169619","UAV-as-a-Service;UAV Swarm;Service Mesh;Decentralized Framework;Service Information Consensus","Cloud computing;Adaptation models;Heuristic algorithms;Scalability;Collaboration;Autonomous aerial vehicles;Dynamic scheduling;Topology;Resource management;Vehicle dynamics","","1","","23","IEEE","30 Sep 2025","7-12 July 2025","7-12 July 2025","IEEE","IEEE Conferences"
"Zero Trust Security Model Implementation in Microservices Architectures Using Identity Federation","R. N. Rajendran; D. K. Rai; S. K. Anumula; S. Agrawal","Unisys Corporation, Technical Delivery Manger, Delivery Management, Cloud Infra and Apps Services (US&C), Albany, NY; Manager Oracle Cloud Technology HBG, Colorado Springs, USA; IBM Corporation, Sr Enterprise and Business Architect, Detroit, MI, USA; Synechron, Charlotte, USA","2025 2nd International Conference on Recent Trends in Electrical, Electronics and Computing Technologies (ICRTEECT)","26 Mar 2026","2025","","","1","6","The rapid speed of growth in the number of microservices has radically transformed typical applications, making them lighter and more scaled along with autonomously deployed. This architectural change has, however, had its own serious security threats as well. The former models of security based on perimeter are no longer workable in the highly distributed workloads that are now considered part of the modern day and are generally short-lived and interrelated. The applicability of the Zero Trust Security Model is reviewed in the existing paper, and federated identity management is applied to human users and workloads across workload computing vessels. The framework that is offered incorporates continuous authentication, contextual authorization, and enforcement at the service-mesh level to form end-to-end trust. It uses standard industry interoperability, e.g., OpenID Connect, OpenAuth 2.0 token exchange capabilities, and SPIFFE-SPIRE-based workload identities to offer standardized and secure cross-service boundary communication. A test and evaluation is a sign of an empowered security position exhibited by a small amount of attack surface, uniformity in policy implementation, and effectiveness in cross-domain implementation. The results bring federated identity as a primary component of the Zero Trust, not merely in terms of authentication and authorization but in order to correspond to the current phenomenon of DevSecOps. Such integration will include automatic, scalable, and reliable implementation of microservices in addition to the observance of compliance requirements. The article consists of a systematic and realistic roadmap of how companies that would be interested in applying the concepts of Zero Trust in cloud-native operational systems could accomplish it and keep their interoperability, as well as their correspondence with the regulating standard.","","979-8-3315-8172-5","10.1109/ICRTEECT67512.2025.11448625","","https://ieeexplore.ieee.org/stamp/stamp.jsp?arnumber=11448625","Zero Trust Security;Microservices Architecture;Identity Federation;Service Mesh;Continuous Authentication","Authorization;Industries;Systematics;Microservice architectures;Authentication;Computer architecture;Federated identity;Zero Trust;Standards;Interoperability","","","","19","IEEE","26 Mar 2026","30-31 Oct. 2025","30-31 Oct. 2025","IEEE","IEEE Conferences"
"Research on Evaluation Model of Microservice Transformation Based on Business Consistency","N. Li; Y. Liu; M. Lei; X. Ma; Q. Guo","State Grid Digital Technology Holding Co., Ltd., Xicheng District, Beijing, China; State Grid Digital Technology Holding Co., Ltd., Xicheng District, Beijing, China; Blockchain Application Technology Laboratory of State Grid Corporation of China, Beijing, China; Blockchain Application Technology Laboratory of State Grid Corporation of China, Beijing, China; Blockchain Application Technology Laboratory of State Grid Corporation of China, Beijing, China","2025 4th International Conference on Artificial Intelligence, Internet and Digital Economy (ICAID)","17 Jun 2025","2025","","","31","37","When enterprises transition to microservices architecture, ensuring business integrity and service interaction consistency is crucial. However, traditional approaches lack systematic evaluation of governance strategies and fault tolerance mechanisms. This paper proposes a business consistency-oriented evaluation framework integrating three core modules: business contract mapping, service stub validation, and environment simulation testing. By defining service interaction rules through YAML contracts, we implement automated traffic management testing using Istio. Network latency and service downtime are injected through Chaos Mesh to verify circuit breaking accuracy and recovery efficiency. Experimental results demonstrate that our framework effectively safeguards business process integrity, ensures service interaction accuracy, and significantly enhances fault recovery capabilities. This research provides quantifiable assessment tools and reproducible implementation schemes for microservice transitions.","","979-8-3315-1066-4","10.1109/ICAID65275.2025.11034540","State Grid Corporation of China; ","https://ieeexplore.ieee.org/stamp/stamp.jsp?arnumber=11034540","Microservices architecture;business consistency;contract testing;service transformation;fault tolerance mechanisms","Fault tolerance;Accuracy;Systematics;System performance;Fault tolerant systems;Microservice architectures;Internet;Contracts;Business;Testing","","1","","18","IEEE","17 Jun 2025","25-27 April 2025","25-27 April 2025","IEEE","IEEE Conferences"
"Unlocking Kubernetes Networking Efficiency: Exploring Data Processing Units for Offloading and Enhancing Container Network Interfaces","T. P. Nagendra; R. Hemavathy","Department of Computer Science and Engineering, R. V. College of Engineering, Bengaluru, India; Department of Computer Science and Engineering, R. V. College of Engineering, Bengaluru, India",2023 4th IEEE Global Conference for Advancement in Technology (GCAT),"19 Dec 2023","2023","","","1","7","This paper delves into the realm of Kubernetes networking, exploring the pivotal role of Container Network Interface (CNI) plugins in orchestrating containerized applications. The core of the paper focuses on CNI plugins, encompassing the basics of Kubernetes networking, CNI architecture, and an in-depth analysis of prominent plugins such as Cilium, Flannel, Project Calico, SR-IOV CNI, and Weave Net. Leveraging insights from past performance studies, the paper navigates the advantages and limitations of these plugins. The exploration extends to Data Processing Units (DPUs), showcasing their potential to revolutionize Kubernetes networking. Through case studies and use cases, the paper unveils the innovative utilization of DPUs for offloading networking tasks. Considering the offloading capabilities inherent in DPUs, we showcase different CNIs for specific Kubernetes cluster requirements.","","979-8-3503-0525-8","10.1109/GCAT59970.2023.10353542","","https://ieeexplore.ieee.org/stamp/stamp.jsp?arnumber=10353542","Kubernetes;Container Network Interface;CNI;Cilium;SR-IOV;Data Processing Unit;DPU;SmartNIC;Offload","Surveys;Technological innovation;Navigation;System performance;Decision making;Containers;Data processing","","5","","20","IEEE","19 Dec 2023","6-8 Oct. 2023","6-8 Oct. 2023","IEEE","IEEE Conferences"
"Evaluating 5G Core Service Mesh Encapsulations in Cloud Deployments","T. O. Atalay; A. Famili; A. Stavrou","Department of Electrical and Computer Engineering, Virginia Tech, USA; WayWave, Inc, Arlington, VA, USA; Department of Electrical and Computer Engineering, Virginia Tech, USA",2024 IEEE Conference on Network Function Virtualization and Software Defined Networks (NFV-SDN),"27 Dec 2024","2024","","","1","7","The evolution of mobile networks to be deployed as Virtual Network Functions (VNFs) on Commercial off-the-Shelf (COTS) hardware marks a significant advancement in the management of the Fifth Generation (5G) core network. This shift towards a software-based transformation enhances the flexibility and scalability of 5G networks, which is crucial as deployments increasingly transition to public cloud infrastructures such as Amazon Web Services (AWS). Within this software-defined landscape, various mechanisms and techniques can be leveraged to facilitate the seamless management and communication of cellular core VNFs. As Mobile Virtual Network Operators (MVNOs) start to invest in such cloud-based cellular core deployments, it is crucial to cultivate an understanding regarding the implications surrounding this transition. To that end, this paper introduces 5G Network Encapsulation and Control Telemetry Augmentation Resource (5G-NECTAR), a versatile measurement framework designed to encapsulate 5G core VNFs within a custom service mesh. Utilizing tools such as OpenTelemetry and Jaeger, our framework encapsulates 5G core traffic with side-car proxies, enabling detailed assessments of cloud deployments across various HTTP versions. Through comprehensive performance evaluations, we demonstrate how our design can be employed to analyze control plane overhead and the associated costs of service mesh encapsulation in cloud-based 5G core networks. Furthermore, our evaluations in AWS, provide valuable operational experience regarding cloud-based 5G core networks over different HTTP versions.","2832-2231","979-8-3503-8053-8","10.1109/NFV-SDN61811.2024.10807506","","https://ieeexplore.ieee.org/stamp/stamp.jsp?arnumber=10807506","5G core;service mesh;cloud computing","Encapsulation;Cloud computing;5G mobile communication;Web services;Scalability;HTTP;Robustness;Telemetry;Software defined networking;Testing","","","","21","IEEE","27 Dec 2024","5-7 Nov. 2024","5-7 Nov. 2024","IEEE","IEEE Conferences"
"An Efficient Traffic Steering for Cloud-Native Service Function Chaining","B. Dab; I. Fajjari; M. Rohon; C. Auboin; A. Diquélou","Orange-Labs, Châtillon, France; Orange-Labs, Châtillon, France; Orange-Labs, Châtillon, France; Orange-Labs, Châtillon, France; Orange-Labs, Châtillon, France","2020 23rd Conference on Innovation in Clouds, Internet and Networks and Workshops (ICIN)","9 Apr 2020","2020","","","71","78","5G stakeholders make every effort to efficiently handle the unprecedented services and traffic demand. Particularly, Telco operators aim to deploy a cost effective network services within their next generation mobile networks. By leveraging cloud-native architectures, the stringent 5G services requirements can be satisfied while reducing both CAPEX and OPEX. Concretely, the adoption of microservice software design enables the disaggregation of Telco applications into small independent cloud-native network functions. Theses microservices, deployed as containers, are lightweight and perform in an independent way. However, in spite of its various benefits, microservice architecture raises new challenges to deal with in the network function virtualization (NFV) ecosystem. Typically, the service function chaining (SFC) of cloud-native network functions becomes extremely complex and error-prone due to the high number of microservices. In this paper, we address the problem of 5G traffic steering for cloud-native SFC in microservice based NFV ecosystem. Specifically, we envision and deploy an SDNless SFC framework ensuring efficient traffic steering between cloud-native network functions. Besides, we propose an optimized network-aware load balancing algorithm capable of carrying efficiently the traffic while considering the underlying infrastructure network state. Based on robust experiments conducted in the deployed Kubernetes-based platform, the results show the efficiency of our strategy in terms of deployment time and network performance.","2472-8144","978-1-7281-5127-4","10.1109/ICIN48450.2020.9059340","","https://ieeexplore.ieee.org/stamp/stamp.jsp?arnumber=9059340","Kubernetes;microservices;containers;cloud-native functions;service function chaining;service mesh","Cloud computing;Computer architecture;Containers;5G mobile communication;Ecosystems;Routing;Network function virtualization","","16","","17","IEEE","9 Apr 2020","24-27 Feb. 2020","24-27 Feb. 2020","IEEE","IEEE Conferences"
"Adaptive and Application-agnostic Caching in Service Meshes for Resilient Cloud Applications","L. Larsson; W. Tärneberg; C. Klein; M. Kihl; E. Elmroth","Department of Computing Science, Umeå University, Sweden; Department of Electrical and Information Technology, Lund University, Sweden; Department of Computing Science, Umeå University, Sweden; Department of Electrical and Information Technology, Lund University, Sweden; Department of Computing Science, Umeå University, Sweden",2021 IEEE 7th International Conference on Network Softwarization (NetSoft),"26 Jul 2021","2021","","","176","180","Service meshes factor out code dealing with inter-micro-service communication. The overall resilience of a cloud application is improved if constituent micro-services return stale data, instead of no data at all. This paper proposes and implements application agnostic caching for micro services. While caching is widely employed for serving web service traffic, its usage in inter-micro-service communication is lacking. Micro-services responses are highly dynamic, which requires carefully choosing adaptive time-to-life caching algorithms. Our approach is application agnostic, is cloud native, and supports gRPC. We evaluate our approach and implementation using the micro-service benchmark by Google Cloud called Hipster Shop. Our approach results in caching of about 80% of requests. Results show the feasibility and efficiency of our approach, which encourages implementing caching in service meshes. Additionally, we make the code, experiments, and data publicly available.","2693-9789","978-1-6654-0522-5","10.1109/NetSoft51509.2021.9492576","","https://ieeexplore.ieee.org/stamp/stamp.jsp?arnumber=9492576","Service-mesh;Containerized network functions;Microservices","Adaptive systems;Web services;Heuristic algorithms;Conferences;Estimation;Adaptive algorithms;Benchmark testing","","4","","16","IEEE","26 Jul 2021","28 June-2 July 2021","28 June-2 July 2021","IEEE","IEEE Conferences"
"DevSecOps in Practice with VMware Tanzu: Build, run, and manage secure multi-cloud apps at scale on Kubernetes with the Tanzu portfolio","P. Pandit; R. Hardt",NA; NA,"DevSecOps in Practice with VMware Tanzu: Build, run, and manage secure multi-cloud apps at scale on Kubernetes with the Tanzu portfolio","","2023","","","","","Modernize your apps, run them in containers on Kubernetes, and understand the business value and the nitty-gritty of the VMware Tanzu portfolio with hands-on instructions Purchase of the print or kindle book includes a free eBook in the PDF formatKey FeaturesGain insights into the key features and capabilities of distinct VMWare Tanzu productsLearn how and when to use the different Tanzu products for common day-1 and day-2 operationsModernize applications deployed on multi-cloud platforms using DevSecOps best practicesBook DescriptionAs Kubernetes (or K8s) becomes more prolific, managing large clusters at scale in a multi-cloud environment becomes more challenging – especially from a developer productivity and operational efficiency point of view. DevSecOps in Practice with VMware Tanzu addresses these challenges by automating the delivery of containerized workloads and controlling multi-cloud Kubernetes operations using Tanzu tools. This comprehensive guide begins with an overview of the VMWare Tanzu platform and discusses its tools for building useful and secure applications using the App Accelerator, Build Service, Catalog service, and API portal. Next, you’ll delve into running those applications efficiently at scale with Tanzu Kubernetes Grid and Tanzu Application Platform. As you advance, you’ll find out how to manage these applications, and control, observe, and connect them using Tanzu Mission Control, Tanzu Observability, and Tanzu Service Mesh. Finally, you’ll explore the architecture, capabilities, features, installation, configuration, implementation, and benefits of these services with the help of examples. By the end of this VMware book, you’ll have gained a thorough understanding of the VMWare Tanzu platform and be able to efficiently articulate and solve real-world business problems.What you will learnBuild apps to run as containers using predefined templatesGenerate secure container images from application source codeBuild secure open source backend services container imagesDeploy and manage a Kubernetes-based private container registryManage a multi-cloud deployable Kubernetes platformDefine a secure path to production for Kubernetes-based applicationsStreamline multi-cloud Kubernetes operations and observabilityConnect containerized apps securely using service meshWho this book is forThis book is for cloud platform engineers and DevOps engineers who want to learn about the operations of tools under the VMware Tanzu umbrella. The book also serves as a useful reference for application developers and solutions architects as well as IT leaders who want to understand how business and security outcomes can be achieved using the tools covered in this book. Prior knowledge of containers and Kubernetes will help you get the most out of this book.","","9781803247410","","","https://ieeexplore.ieee.org/xpl/ebooks/bookPdfWithBanner.jsp?fileName=10162533.pdf&bkn=10162533&pdfType=book","","","","","","","","27 Jun 2023","","","Packt Publishing","Packt Publishing eBooks"
"Scalable Policy-as-Code Decision Points for Data Products","M. Brambilla; P. Plebani","Dipartimento di Elettronica Informazione e Bioingegneria, Politecnico di Milano, Milan, Italy; Dipartimento di Elettronica Informazione e Bioingegneria, Politecnico di Milano, Milan, Italy",2025 IEEE International Conference on Web Services (ICWS),"30 Sep 2025","2025","","","924","930","Data products are emerging as architectural elements of data mesh with the aim of improving data management within organizations. Among the main aspects in the design of a data product is the need to define the policies that regulate its access. These policies concern not only security aspects but, more generally, compliance with regulations (e.g., GDPR, HIPAA) or organizational regulations. Taking advantage of similarities with microservice-based solutions, policy-as-code is also used in the data mesh to regulate access to data products. Following the proposed models for the service mesh which regulates a microservice-based environment, the performance of the Policy Decision Point (PDP) becomes crucial to ensure efficient access to data managed by data products. Since this may require a replication of PDPs, in order to achieve true scalability, each of them will have to take into account only the policies associated with the data products under their responsibilities. This work provides a solution to automate the replication of PDPs and the distribution of policies to be controlled according to an approach that balances policy consistency and system scalability. The work has been validated through an extension of the Kubernetes orchestrator that, based on the information collected from the monitoring system, it is able to define which is the right number of PDPs and which data product, and related policies, should be assigned to each of them. Notably, the policy management is based on a Open Policy Agent (OPA) implementation.","2836-3868","979-8-3315-5563-4","10.1109/ICWS67624.2025.00120","","https://ieeexplore.ieee.org/stamp/stamp.jsp?arnumber=11169653","policy-as-code;scalability;data mesh;authorization;policy;OPA;Kubernetes","Authorization;Web services;Scalability;Microservice architectures;Organizations;Regulation;Data models;Security;Data mesh;Monitoring","","","","18","IEEE","30 Sep 2025","7-12 July 2025","7-12 July 2025","IEEE","IEEE Conferences"
"BLOC: Balancing Load with Overload Control In the Microservices Architecture","R. Bhattacharya; T. Wood","Department of Computer Science, George Washington University; Department of Computer Science, George Washington University",2022 IEEE International Conference on Autonomic Computing and Self-Organizing Systems (ACSOS),"4 Nov 2022","2022","","","91","100","The microservices architecture has become ubiquitous in the cloud environment. It simplifies application development by breaking monolithic applications into manageable micro services that can be developed and deployed independently of the whole. However, the move from a monolithic or simple multi-tier architecture to a distributed microservice ""service mesh"" leads to new challenges due to the more complex application topology.A particular problem when automatically managing the performance of microservices is that since each service component scales up and down independently, it can easily create load imbalance problems on shared backend services accessed by multiple components. Traditional load balancing algorithms were designed for centralized load balancers sitting between a group of clients and a server farm. These algorithms, however, do not port over well to a distributed microservice architecture where load balancers are deployed client-side. In this paper we propose a self managing load balancing system, BLOC, which provides consistent response times to users without using a centralized metadata store or explicit messaging between nodes.We show that different service layers scaling independently can create unacceptably wide response time distributions and long tails, hurting client experience. This is because popular microservice load balancing algorithms, like Least Connection, only use a single component’s view of the backend load to guide decisions. This limited perspective leads to an unevenly balanced system and the potential for incast problems where a large number of frontend components can easily overload a shared backend. BLOC uses overload control approaches like rate limiting, active queue management and backpressure to provide feedback to the load balancers. The load balancers react to this feedback with techniques like backoff and retries. We show that this performs significantly better in solving the incast problem in microservice architectures.Evaluating this framework, we found that BLOC improves the response time distribution range, between the 10th and 90th percentiles, by 2 to 4 times and the tail, 99th percentile, latency by two times.","","978-1-6654-7137-4","10.1109/ACSOS55765.2022.00027","","https://ieeexplore.ieee.org/stamp/stamp.jsp?arnumber=9935022","microservices;loadbalancing;overload control","Limiting;Microservice architectures;Tail;Metadata;Load management;Control systems;User experience","","5","","21","IEEE","4 Nov 2022","19-23 Sept. 2022","19-23 Sept. 2022","IEEE","IEEE Conferences"
"Online Policy Adaptation for Networked Systems using Rollout","F. S. Samani; K. Hammar; R. Stadler","Dept. of Computer Science, KTH Royal Institute of Technology, Sweden; Dept. of Computer Science, KTH Royal Institute of Technology, Sweden; Dept. of Computer Science, KTH Royal Institute of Technology, Sweden",NOMS 2024-2024 IEEE Network Operations and Management Symposium,"2 Jul 2024","2024","","","1","9","Dynamic resource allocation in networked systems is needed to continuously achieve end-to-end management objectives. Recent research has shown that reinforcement learning can achieve near-optimal resource allocation policies for realistic system configurations. However, most current solutions require expensive retraining when changes in the system occur. We address this problem and introduce an efficient method to adapt a given base policy to system changes, e.g., to a change in the service offering. In our approach, we adapt a base control policy using a rollout mechanism, which transforms the base policy into an improved rollout policy. We perform extensive evaluations on a testbed where we run applications on a service mesh based on the Istio and Kubernetes platforms. The experiments provide insights into the performance of different rollout algorithms. We find that our approach produces policies that are equally effective as those obtained by offline retraining. On our testbed, effective policy adaptation takes seconds when using rollout, compared to minutes or hours when using retraining. Our work demonstrates that rollout, which has been applied successfully in other domains, is an effective approach for policy adaptation in networked systems.","2374-9709","979-8-3503-2793-9","10.1109/NOMS59830.2024.10575707","","https://ieeexplore.ieee.org/stamp/stamp.jsp?arnumber=10575707","Performance management;reinforcement learning;service mesh;policy adaptation;rollout;Istio;Kubernetes","Transforms;Reinforcement learning;Dynamic scheduling;Resource management","","","","36","IEEE","2 Jul 2024","6-10 May 2024","6-10 May 2024","IEEE","IEEE Conferences"
"Service Mesh: The Rise of Event-Driven Asynchronous Mesh in Cloud Continuum","S. Montebugnoli; A. Sabbioni; L. Foschini; A. Corradi","University of Bologna, Bologna, Italy; University of Bologna, Bologna, Italy; University of Bologna, Bologna, Italy; University of Bologna, Bologna, Italy",IT Professional,"18 Feb 2026","2026","28","1","51","58","The proliferation of microservice-based IT applications has increased the complexity of big data processing within any modern cloud application, requiring new strategies for managing, controlling, and accelerating deployments. Service Meshes offer new management support that facilitates control over a very large number of services while separating logic from control specification. Applications becoming more decentralized and deployed across multiple regions in the cloud continuum ask for even more uncoupled and asynchronous interactions to enhance reliability and scalability. Event-driven architectures offer a viable solution; consequently, Event Meshes emerge as a cloud paradigm promoting event-based, asynchronous interactions among services and data. This article compares Service Mesh and Event Mesh approaches, claiming that Event Meshes improve uncoupling and offers asynchronous behavior in distributed systems to optimize performance in traffic management, observability, and security.","1941-045X","","10.1109/MITP.2025.3605101","","https://ieeexplore.ieee.org/stamp/stamp.jsp?arnumber=11399560","","Smart cities;Scalability;Microservice architectures;Process control;Routing;Security;Reliability;Observability;Next generation networking;Big Data applications","","","","20","IEEE","18 Feb 2026","Jan.-Feb. 2026","","IEEE","IEEE Magazines"
"Empirical Benchmarking of a Low-Latency Cloud-Native Testbed for High-Complexity AI-Enabled Network Functions in B5G Edge","A. Yaghoobi; C. -H. Lung","Department of Systems and Computer Engineering, Carleton University, Ottawa, Ontario, Canada; Department of Systems and Computer Engineering, Carleton University, Ottawa, Ontario, Canada",2025 3rd International Conference on Foundation and Large Language Models (FLLM),"19 Feb 2026","2025","","","1325","1332","Software-defined networking (SDN) architectures in edge networks often face limitations due to centralized bottlenecks and rigid Northbound Interfaces (NBIs), hindering scalability and responsiveness. This paper proposes a cloud-native framework that enables decentralized agent communications with machine learning servers for real-time, context-aware clustering of user equipment (UE) at the edge. This facilitates dynamic assignment of service-level priorities for downstream tasks. The framework utilizes cloud-native network functions (CNFs) to deploy edge-native modules that trigger classification services based on contextual metadata. Further, the approach utilizes service mesh technologies to support decentralized agent-model interactions, and Redis publish/subscribe (Pub/Sub) patterns enable event-driven updates without polling or traditional APIs. The architecture reduces latency, minimizes control overhead, and enhances adaptability in multi-slice environments. By integrating graph autoencoders into edge microservices, agents can respond to dynamic user behavior and environmental changes with minimal reliance on centralized controllers. Experimental results show up to 60% reduction in end-to-end response time and 35% reduction in CPU overhead, demonstrating the efficiency of the proposed approach. This work contributes to the development of scalable, intelligent edge networks for beyond 5G (B5G) systems.","","979-8-3315-9409-1","10.1109/FLLM67465.2025.11391144","","https://ieeexplore.ieee.org/stamp/stamp.jsp?arnumber=11391144","Cloud-native network function;Decentralized agents;Context-aware clustering;Redis;Edge intelligence;SDN","5G mobile communication;Scalability;Computer architecture;Real-time systems;Stability analysis;Servers;Time factors;Security;Low latency communication;Software defined networking","","","","21","IEEE","19 Feb 2026","25-28 Nov. 2025","25-28 Nov. 2025","IEEE","IEEE Conferences"
"Automated Canary Analysis for Kubernetes Deployments","V. N. S. Khande; N. V. J. Balaji","Independent Researcher, San Jose, CA; Independent Researcher, San Jose, CA",2025 IEEE Cloud Summit,"13 Aug 2025","2025","","","101","109","When organizations start implementing microservices and the concept of continuous delivery pipeline, especially while using DevOps, deploying becomes a crucial task in which safety is a significant concern. Canary releases have become a profound practice for rolling out new application updates to a limited number of users in an organization to avoid introducing new bugs in the critical production environment. Nonetheless, catching and validating issues during canary rollouts is often an irreversible process prone to mistakes. This technical paper focuses on the concept of Automated Canary Analysis for the implementation of Kubernetes and the role performed by the ACA over Service Mesh, Observability, and Metrics for making efficient deployment decisions. ACA derives performance differences as well as user experience effects between canary and baseline versions through statistical and machine learning algorithms. The study also considers existing open-source tools, namely Kayenta and Flagger, and establishes their capacity to perform automation of progressive delivery. Our results show a reduction in the use of the deployment risk factor while also improving the efficiency of the developers and the overall functionality of the system; therefore, ACA should be considered an important element of modern DevOps.","","979-8-3315-2362-6","10.1109/Cloud-Summit64795.2025.00023","","https://ieeexplore.ieee.org/stamp/stamp.jsp?arnumber=11108203","Canary Deployment;Kubernetes;Progressive Delivery;Automated Canary Analysis;DevOps Observability","Schedules;DevOps;Pipelines;Microservice architectures;Organizations;Production;User experience;Software reliability;Safety;Observability","","","","21","IEEE","13 Aug 2025","26-27 June 2025","26-27 June 2025","IEEE","IEEE Conferences"
"Evaluating Mesh Communications in Disaggregated Near-RT RIC for 5G Open RAN: a Functional and Performance Analysis","S. Montebugnoli; A. Sabbioni; L. Foschini","Department of Computer Science and Engineering, University of Bologna, Bologna, Italy; Department of Computer Science and Engineering, University of Bologna, Bologna, Italy; Department of Computer Science and Engineering, University of Bologna, Bologna, Italy",GLOBECOM 2024 - 2024 IEEE Global Communications Conference,"11 Mar 2025","2024","","","571","576","The paradigm shift towards the fifth generation of mobile networks (5G) has entailed a transition from a monolithic architecture to a completely disaggregated microservice-based architecture of network functions. This architectural renovation decouples and distributes Containerized Network Functions (CNF), tailored to address the specialized requirements of the Open Radio Access Network (Open RAN) deployment. Specifically, Kubernetes has emerged as a pivotal orchestrator for CNF within the context of disaggregated Open RAN. In particular, the deployment of Operator-defined Applications (xApps) for Near Real-Time RAN Intelligent Controller (Near-RT RIC) scenarios calls for communication substrates to facilitate the communication and coordination with other RAN components, and consequently, to dial with increased dynamicity and flexibility of 5G deployments. To face these issues, we propose service mesh as a cloud-native technology extending the Kubernetes communication infrastructure. Service mesh fulfills diverse requisites of xApps running in the RAN Intelligent Controller for traffic management, instrumentation, security, and observability, inherently facilitating a zero-trust architecture through the incorporation of sidecar proxies co-located with microservices. Moreover, we evaluate the performances of another emerging paradigm, raising as a lightweight solution that allows a more incremental adoption compared to service mesh, represented by ambient mesh. This paper analyses service and ambient mesh for deploying xApps in a state-of-the-art Near-RT RIC, i.e., the O-RAN SC implementation, evaluating both qualitative and quantitative attributes.","2576-6813","979-8-3503-5125-5","10.1109/GLOBECOM52923.2024.10901151","","https://ieeexplore.ieee.org/stamp/stamp.jsp?arnumber=10901151","Service Mesh;Ambient Mesh;5G Open RAN;xApp;Near-RT RIC;6G","5G mobile communication;Instruments;Microservice architectures;Open RAN;Real-time systems;Security;Global communication;Observability;Substrates;Faces","","2","","18","IEEE","11 Mar 2025","8-12 Dec. 2024","8-12 Dec. 2024","IEEE","IEEE Conferences"
"Anomaly Detection in Microservices Architecture Using Graph Neural Networks","M. Osswald; T. Schönenberger; G. Cantali; W. Soussi; G. Gür","Zurich University of Applied Sciences (ZHAW) InIT, Winterthur, Switzerland; Zurich University of Applied Sciences (ZHAW) InIT, Winterthur, Switzerland; Zurich University of Applied Sciences (ZHAW) InIT, Winterthur, Switzerland; Zurich University of Applied Sciences (ZHAW) InIT, Winterthur, Switzerland; Zurich University of Applied Sciences (ZHAW) InIT, Winterthur, Switzerland","2025 33rd Euromicro International Conference on Parallel, Distributed, and Network-Based Processing (PDP)","29 Apr 2025","2025","","","560","567","The rise of cloud computing has transformed application development and deployment, with Kubernetes emerging as a key platform for managing containerized applications. This paper explores the use of Graph Neural Networks (GNNs) to detect anomalies in Kubernetes clusters and proposes GNN-based Anomaly Detection in Kubernetes (GATAKU), which is instrumental in maintaining security and performance. Our work involves integrating Cilium for detailed network monitoring and data collection, setting up a Kubernetes cluster with k3s and Traefik, and simulating attack scenarios to generate realistic data. Data preprocessing and feature engineering prepare this data for the GNN training. We present the GATAKU model’s performance, highlighting metrics such as accuracy, precision, recall, and F 1 -score and compare it to baseline ML models, namely Support Vector Machine (SVM) and Random Forest (RF). Moreover, we discuss these findings and emerging challenges, including handling high-dimensional data, and explore practical implications for cybersecurity.","2377-5750","979-8-3315-2493-7","10.1109/PDP66500.2025.00085","Horizon Europe; ","https://ieeexplore.ieee.org/stamp/stamp.jsp?arnumber=10974857","anomaly detection;microservices;graph neural networks;cloud security;kubernetes","Support vector machines;Training;Cloud computing;Analytical models;Accuracy;Computer architecture;Graph neural networks;Computer security;Anomaly detection;Tuning","","","","28","IEEE","29 Apr 2025","12-14 March 2025","12-14 March 2025","IEEE","IEEE Conferences"
"Cost Efficient Service Mesh Controller Placement for Edge Native Computing","Y. Li; D. Zeng; L. Chen; L. Gu; W. Ma; F. Gao","School of Computer Science, China University of Geosciences, Wuhan, China; School of Computer Science, China University of Geosciences, Wuhan, China; School of Computer Science, China University of Geosciences, Wuhan, China; School of Computer Science and Technology, Huazhong University of Science and Technology, China; School of Biomedical Engineering and Informatics, Nanjing Medical University, Nanjing, China; Research Center for Cyber-Physical-Social System, Zhejiang Lab, Hangzhou, China",GLOBECOM 2022 - 2022 IEEE Global Communications Conference,"11 Jan 2023","2022","","","1368","1372","Cloud native computing featured by microservice has been regarded as a compelling trend in cloud application development. Edge computing, as an alternative or complemen-tary to cloud computing, is potential to expand the microservice to edge computing, simplifying the development and deployment of edge applications. Despite that, there is still a challenge on how to manage the microservices efficiently in the open and heterogeneous distributed environment. To this end, service mesh provides a potential solution in efficient microservices management. However, as a traditional cloud-oriented architecture, it can not be applied into edge computing directly since the centralized controller policy. To address this problem, in this paper, we propose an edge service mesh architecture with distributively deployed controllers for edge native computing. We further inves-tigate the problem on how to deploy these distributive controllers in a cost efficient manner with the consideration of control cost and the synchronization cost. The problem is formulated into a non-linear optimization form and then linearized into an integer linear programming (ILP) problem. To tackle the computation complexity, we then come up with a customized k-means based algorithm (i.e., ck-means) in polynomial computation complexity. The experimental results verify the efficiency of our ck-means algorithm in comparison with the traditional k-means algorithm.","2576-6813","978-1-6654-3540-6","10.1109/GLOBECOM48099.2022.10000996","","https://ieeexplore.ieee.org/stamp/stamp.jsp?arnumber=10000996","Edge Computing;Service Mesh;Edge Native Computing;Controller Placement","Cloud computing;Costs;Heuristic algorithms;Microservice architectures;Computer architecture;Synchronization;Computational complexity","","4","","16","IEEE","11 Jan 2023","4-8 Dec. 2022","4-8 Dec. 2022","IEEE","IEEE Conferences"
"Migration for Cloud-Native VNF in Open Source MANO","C. Li; J. Tao; G. Shi; J. Zeng; X. Bu; C. Zhu; Y. Zhang","The 54th Research Institute, China Electronics Technology Group Corporation, Shijiazhuang, China; School of Cyberspace Science and Technology, Beijing Institute of Technology, Beijing, China; School of Cyberspace Science and Technology, Beijing Institute of Technology, Beijing, China; School of Cyberspace Science and Technology, Beijing Institute of Technology, Beijing, China; School of Cyberspace Science and Technology, Beijing Institute of Technology, Beijing, China; School of Cyberspace Science and Technology, Beijing Institute of Technology, Beijing, China; The 54th Research Institute, China Electronics Technology Group Corporation, Shijiazhuang, China",2023 International Conference on Future Communications and Networks (FCN),"7 Jun 2024","2023","","","1","6","The rapid evolution of virtualization technology and mobile communication networks has given rise to Network Function Virtualization (NFV), which is revolutionizing networking by virtualizing traditional services like routers and switches. Conventional VNFs, which operate as virtual machines on standard servers, exhibit resource inefficiencies and scalability challenges. To overcome these limitations, cloud-native VNFs have emerged as a more agile alternative. These cloud-native VNFs capitalize on microservices and containers to achieve improved scalability, agility, and portability. However, managing these cloud-native VNFs, particularly in edge computing scenarios, presents inherent complexities. To address these challenges, our study introduces Virtual Network Function Migration (VNF-M), which is a specialized tool meticulously crafted for achieving the live migration of cloud-native VNFs within the Open Source MANO (OSM) ecosystem. We specifically focus on Kubernetes-based platforms that are integrated into the OSM. By harnessing advanced checkpointing and restoration mechanisms, VNF-M empowers the seamless and rapid migration of microservices and applications, effectively addressing the critical need for low-latency applications in edge computing environments.","","979-8-3503-9603-4","10.1109/FCN60432.2023.10543565","","https://ieeexplore.ieee.org/stamp/stamp.jsp?arnumber=10543565","cloud-native;Kubernetes;MANO;migration","Cloud computing;Scalability;Microservice architectures;Virtual machining;Network function virtualization;Servers;Resource management","","1","","23","IEEE","7 Jun 2024","17-20 Dec. 2023","17-20 Dec. 2023","IEEE","IEEE Conferences"
"Service Mesh: Challenges, State of the Art, and Future Research Opportunities","W. Li; Y. Lemieux; J. Gao; Z. Zhao; Y. Han","Cloud Computing Research Center, North China University of Technology, Beijing, China; Ericsson, Ericsson Research, Montréal, Canada; Cloud Computing Research Center, North China University of Technology, Beijing, China; Cloud Computing Research Center, North China University of Technology, Beijing, China; Cloud Computing Research Center, North China University of Technology, Beijing, China",2019 IEEE International Conference on Service-Oriented System Engineering (SOSE),"6 May 2019","2019","","","122","1225","While the technology development towards microservices can significantly improve the speed and agility of software service delivery, it also raises the operational complexity associated with modern applications. This has led to the emergence of Service Mesh, a promising approach to mitigate this situation by introducing a dedicated infrastructure layer over microservices without imposing modification on the service implementations. Aiming to inspire more practical research work in this exploited area, we in this paper present a comprehensive review on the state of the art of Service Mesh and discuss the related challenges and its adoption. Finally, we highlight the opportunities for future research in this subject.","2642-6587","978-1-7281-1442-2","10.1109/SOSE.2019.00026","","https://ieeexplore.ieee.org/stamp/stamp.jsp?arnumber=8705911","Microservices, Service Mesh, Service Oriented Architecture, DevOps, Service Delivery, Challenges, Opportunities, Edge Computing","Cloud computing;Routing;Synapses;Software;Runtime;Complexity theory;Computer architecture","","139","","51","IEEE","6 May 2019","4-9 April 2019","4-9 April 2019","IEEE","IEEE Conferences"
"Cloud-native Service Function Chaining for 5G based on Network Service Mesh","B. Dab; I. Fajjari; M. Rohon; C. Auboin; A. Diquélou","Orange-Labs, Châtillon, France; LiSSi EA 3956, University Paris-Est, Vitry-sur-Seine, France; Orange-Labs, Châtillon, France; Orange-Labs, Châtillon, France; Orange-Labs, Châtillon, France",ICC 2020 - 2020 IEEE International Conference on Communications (ICC),"27 Jul 2020","2020","","","1","7","5G will provide a flexible and programmable infrastructure, allowing different networks to share the same access network. A way to respond to the diverse service requirements of 5G while reducing both CAPEX and OPEX is to adopt cloud-native architectures. In this context, micro-services software design, the corner stone of cloud-native architecture, seems to be ideal for 5G. However, despite its several advantages, micro-services raise new challenges which slow its adoption down in the NFV ecosystem. Indeed, steering the expected 5G traffic between cloud-native network function is extremely challenging and is still under-investigated. In this paper, we address the service function chaining (SFC) in micro-service based network function virtualization (NFV) ecosystem from the view of the traffic steering. Specifically, we design and implement a cloud-native SFC framework offering efficient traffic steering mechanisms while considering the network state of the underlying NFV infrastructure. In this context, an optimized network-aware load balancing strategy is proposed. Based on extensive experiments, the results obtained show that our strategy achieved good results in terms of i) end-to-end latency and ii) deployment time.","1938-1883","978-1-7281-5089-5","10.1109/ICC40277.2020.9149045","","https://ieeexplore.ieee.org/stamp/stamp.jsp?arnumber=9149045","service function chaining;traffic steering;Cloud-native functions;network service mesh;kubernetes","Cloud computing;Computer architecture;Containers;5G mobile communication;Ecosystems;Network function virtualization;Software","","31","","19","IEEE","27 Jul 2020","7-11 June 2020","7-11 June 2020","IEEE","IEEE Conferences"
"Service Mesh Controller for Cooperative Load Balancing among Neighboring Edge Servers","T. Furusawa; H. Abe; K. Okada; A. Nakao","Toyota Motor Corporation, Tokyo, Japan; Toyota Motor Corporation, Tokyo, Japan; Toyota Motor Corporation, Tokyo, Japan; The University of Tokyo, Tokyo, Japan",2022 IEEE International Symposium on Local and Metropolitan Area Networks (LANMAN),"11 Jul 2022","2022","","","1","6","Edge computing for connected vehicles is expected to become a reality. Compared to public clouds, the computing resources available on individual edge servers are limited: therefore, dynamically allocating computing resources as needed based on load is effective for the efficient use of edge server resources, and the auto-scale functionality using containers and Kubernetes is widely used. However, if the edge servers are overloaded when requests exceed their maximum processing capacity, long response delays and service outages may occur. Cooperative load balancing among neighboring edge servers is known as a method to prevent edge servers from overload, but standard Kubernetes does not have a control function based on server location or distance between servers, making it difficult to implement this. This paper proposes a service mesh controller to achieve cooperative load balancing among neighboring edge servers in an environment where container execution infrastructure controlled by Kubernetes runs on edge servers. Experimental results show that the proposed method with the service mesh controller reduces the median of response time by 96.3% compared with a conventional method without load balancing while also preventing overloads.","1944-0375","978-1-6654-8353-7","10.1109/LANMAN54755.2022.9820181","","https://ieeexplore.ieee.org/stamp/stamp.jsp?arnumber=9820181","edge computing;service mesh;container;Kubernetes","Connected vehicles;Metropolitan area networks;Containers;Load management;Delays;Servers;Time factors","","1","","14","IEEE","11 Jul 2022","11-12 July 2022","11-12 July 2022","IEEE","IEEE Conferences"
"A time-sensitive cloud-native network based on eBPF","J. Wen; J. Ge; Z. Zhang; H. Li; Y. E; B. Wu","School of Cyber Security, University of Chinese Academy of Sciences; School of Cyber Security, University of Chinese Academy of Sciences; School of Cyber Security, University of Chinese Academy of Sciences; Institute of Information Engineering, Chinese Academy of Sciences; Institute of Information Engineering, Chinese Academy of Sciences; Institute of Information Engineering, Chinese Academy of Sciences",2024 27th International Conference on Computer Supported Cooperative Work in Design (CSCWD),"10 Jul 2024","2024","","","2577","2582","The evolution of cloud computing and microservices is gradually supplanting traditional network deployment schemes within data centers. As applications deploy substantial computing resources in data centers, a fierce competition for network services ensues, marked by stringent quality requirements. Simultaneously, safeguarding the time sensitivity of the main flow becomes imperative. However, prevailing container network solutions primarily ensure service quality through scheduling and orchestration, neglecting the influence of computing resources on network service quality under intense resource competition. Consequently, our focus revolves around exploring the preservation of time-sensitive attributes of primary service network links, aiming to enhance the service quality of container networks in highly competitive computing resource environments. This paper introduces a novel container network solution designed to meet the quality of service requirements for time-sensitive data in container networks. Implemented on the Kubernetes platform, this solution establishes an underlay network structure based on Cilium for transmitting network packets requiring performance guarantees and exhibiting time sensitivity. Utilizing eBPF programs with adjusted CPU affinity for packet forwarding, the solution records packets necessitating quality of service guarantees. Network service quality is ensured through algorithms such as Multiqueue Priority, Earliest TxTime First, Enhancements for Scheduled Traffic, etc. The network packets requiring performance guarantees and time sensitivity refer to the TSN (Time-Sensitive Networking) standard. To assess the solution’s effectiveness, we deployed Kubernetes on two directly connected physical servers. Measurements were conducted in scenarios of both idle and highly competitive computing resources, evaluating bandwidth, latency, and jitter of container access packets across different hosts. The results confirm a noteworthy enhancement in container network service quality under highly competitive computing resource environments.","2768-1904","979-8-3503-4918-4","10.1109/CSCWD61410.2024.10580477","","https://ieeexplore.ieee.org/stamp/stamp.jsp?arnumber=10580477","container;kubernetes;cloud-native;network QoS;eBPF","Data centers;Sensitivity;Processor scheduling;Federated learning;Microservice architectures;Quality of service;Containers","","1","","18","IEEE","10 Jul 2024","8-10 May 2024","8-10 May 2024","IEEE","IEEE Conferences"
"Analysis of Potential Threats in NextGen 5G Core","O. -M. Dumitru-Guzu; C. Vlădeanu","University Politehnica of Bucharest, Bucharest, Romania; University Politehnica of Bucharest, Bucharest, Romania",2022 International Symposium on Electronics and Telecommunications (ISETC),"16 Jan 2023","2022","","","1","4","The NextGen 5G core foundations will rely on soft-ware and programmability which are essential for the evolution of the future mobile network architecture. While the 3GPP specifications trace the key functionality between Network Functions (NFs) communication, there are many security concerns which derive from the new service deployment models against potential attacks on the main interfaces. Therefore, the protection of both signaling and user plane traffic becomes a must according to the 3GPP requirements. In this paper we simulate two use cases of attacks on the control and user plane using a traffic replay simulator dedicated to 5G Service-Based Architecture (SBA). In order to capture the behavior of NFs, we deploy the Open5GS core as microservices and we inject a service mesh solution to analyze the Access and Mobility Management Function (AMF) throughput response under the two attack scenarios.","2475-7861","978-1-6654-5150-5","10.1109/ISETC56213.2022.10010163","","https://ieeexplore.ieee.org/stamp/stamp.jsp?arnumber=10010163","security;traffic replay attack;cloud-native;service based architecture;service based interfaces","Electric potential;5G mobile communication;Microservice architectures;Network architecture;Throughput;Telecommunications;Behavioral sciences","","8","","18","IEEE","16 Jan 2023","10-11 Nov. 2022","10-11 Nov. 2022","IEEE","IEEE Conferences"
"Koney: A Cyber Deception Orchestration Framework for Kubernetes","M. Kahlhofer; M. Golinelli; S. Rass",Dynatrace Research; University of Trento; Johannes Kepler University Linz,2025 IEEE European Symposium on Security and Privacy Workshops (EuroS&PW),"1 Sep 2025","2025","","","690","702","System operators responsible for protecting software applications remain hesitant to implement cyber deception technology, including methods that place traps to catch attackers, despite its proven benefits. Overcoming their concerns removes a barrier that currently hinders industry adoption of deception technology. Our work introduces deception policy documents to describe deception technology “as code” and pairs them with Koney, a Kubernetes operator, which facilitates the setup, rotation, monitoring, and removal of traps in Kubernetes. We leverage cloud-native technologies, such as service meshes and eBPF, to automatically add traps to containerized software applications, without having access to the source code. We focus specifically on operational properties, such as maintainability, scalability, and simplicity, which we consider essential to accelerate the adoption of cyber deception technology and to facilitate further research on cyber deception.","2768-0657","979-8-3315-9546-3","10.1109/EuroSPW67616.2025.00084","","https://ieeexplore.ieee.org/stamp/stamp.jsp?arnumber=11129573","cyber deception;deception policies;honeytokens;honeypots;application layer deception;runtime deception;operator pattern;Kubernetes","Industries;Codes;Runtime;Source coding;Scalability;Software;Monitoring","","","","91","IEEE","1 Sep 2025","30 June-4 July 2025","30 June-4 July 2025","IEEE","IEEE Conferences"
"End-to-End Security Policy Automation with Multi-LLM Agents in Cloud-Native Systems","X. Chen; Y. Zhang; H. Liu; X. Wang; C. Li; B. Tu","Institute of Information Engineering, Chinese Academy of Sciences; Institute of Information Engineering, Chinese Academy of Sciences; Institute of Information Engineering, Chinese Academy of Sciences; Institute of Information Engineering, Chinese Academy of Sciences; Institute of Information Engineering, Chinese Academy of Sciences; Institute of Information Engineering, Chinese Academy of Sciences","2025 IEEE 24th International Conference on Trust, Security and Privacy in Computing and Communications (TrustCom)","2 Feb 2026","2025","","","175","183","Microservice architectures have gained widespread adoption in cloud-native environments due to their flexibility and scalability. However, these architectures pose significant challenges in the automated generation and dynamic updating of fine-grained security policies. This paper presents LLM2policy, a novel framework that utilizes large language models (LLMs) for end-to-end automated security policy generation. LLM2policy extracts microservice entity information from deployment YAML files and identifies RPC call relationships from distributed tracing data, consolidating this information into a structured knowledge base. This knowledge base is then used to automatically generate Istio-compatible access control policies in YAML format, enabling dynamic policy updates. Evaluation results from five benchmark microservice systems demonstrate that LLM2policy achieves 100% accuracy in entity recognition and dependency extraction, over 98.81% accuracy in semantic extraction by the LLM, and unit test pass rates ranging from 93.75% to 100% for the generated policies. Furthermore, attack simulations confirm that the generated policies effectively mitigate unauthorized access, highlighting the practical applicability and robustness of LLM2policy in automated cloud-native security policy management.","2324-9013","979-8-3315-6532-9","10.1109/Trustcom66490.2025.00027","Research and Development; ","https://ieeexplore.ieee.org/stamp/stamp.jsp?arnumber=11354654","Microservice system;Istio;LLM;Security policy;Cloud native","Access control;Runtime environment;Accuracy;Large language models;Soft sensors;Scalability;Knowledge based systems;Semantics;Microservice architectures;Robustness","","","","29","IEEE","2 Feb 2026","14-17 Nov. 2025","14-17 Nov. 2025","IEEE","IEEE Conferences"
"Comparing Transfer Learning and Rollout for Policy Adaptation in a Changing Network Environment","F. S. Samani; H. Larsson; S. Damberg; A. Johnsson; R. Stadler","Dept. of Computer Science, KTH Royal Institute of Technology, Sweden; Ericsson Research, Sweden; Ericsson Research, Sweden; Ericsson Research, Sweden; Dept. of Computer Science, KTH Royal Institute of Technology, Sweden",NOMS 2024-2024 IEEE Network Operations and Management Symposium,"2 Jul 2024","2024","","","1","7","Dynamic resource allocation for network services is pivotal for achieving end-to-end management objectives. Previous research has demonstrated that Reinforcement Learning (RL) is a promising approach to resource allocation in networks, allowing to obtain near-optimal control policies for non-trivial system configurations. Current RL approaches however have the drawback that a change in the system or the management objective necessitates expensive retraining of the RL agent. To tackle this challenge, practical solutions including offline retraining, transfer learning, and model-based rollout have been proposed. In this work, we study these methods and present comparative results that shed light on their respective performance and benefits. Our study finds that rollout achieves faster adaptation than transfer learning, yet its effectiveness highly depends on the accuracy of the system model.","2374-9709","979-8-3503-2793-9","10.1109/NOMS59830.2024.10575398","","https://ieeexplore.ieee.org/stamp/stamp.jsp?arnumber=10575398","Performance management;reinforcement learning;service mesh;policy adaptation;rollout;Istio;Kubernetes","Adaptation models;Accuracy;Transfer learning;Reinforcement learning;Dynamic scheduling;Resource management","","1","","34","IEEE","2 Jul 2024","6-10 May 2024","6-10 May 2024","IEEE","IEEE Conferences"
"ViperProbe: Rethinking Microservice Observability with eBPF","J. Levin; T. A. Benson",Brown University; Brown University,2020 IEEE 9th International Conference on Cloud Networking (CloudNet),"2 Feb 2021","2020","","","1","8","Recent shifts to microservice-based architectures and the supporting servicemesh radically disrupt the landscape of performance-oriented management tasks. While the adoption of frameworks like Istio and Kubernetes ease the management and organization of such systems, they do not themselves provide strong observability. Microservice observability requires diverse, highly specialized, and often adaptive, metrics and algorithms to monitor both the health of individual services and the larger application. However, modern metrics collection frameworks are relatively static and rigid. We introduce ViperProbe, an eBPF-based microservices collection framework that provides (1) dynamic sampling and (2) collection of deep, diverse, and precise system metrics. Viper-Probe builds on the observation that the adoption of a common set of design patterns, e.g., servicemesh, enables offline analysis. By examining the performance profile of these patterns before deploying on production, ViperProbe can effectively reduce the set of collected metrics, thereby improving the efficiency and effectiveness of those metrics. To the best of our knowledge, ViperProbe is the first scalable eBPF-based dynamic and adaptive microservices metrics collection framework. Our results show ViperProbe has limited overhead, while significantly more effective for traditional management tasks, e.g., horizontal autoscaling.","","978-1-7281-9486-8","10.1109/CloudNet51028.2020.9335808","NSF(grant numbers:CNS-1816340); ","https://ieeexplore.ieee.org/stamp/stamp.jsp?arnumber=9335808","","Measurement;Runtime;Tools;Software;Observability;Task analysis;Monitoring","","48","","67","IEEE","2 Feb 2021","9-11 Nov. 2020","9-11 Nov. 2020","IEEE","IEEE Conferences"
"An Empirical Study on Microservices Deployment Trends, Topics and Challenges in Stack Overflow","A. Bouaziz; M. A. Saied; M. Sayagh; A. Ouni; M. W. Mkaouer","Laval University, Quebec, Canada; Laval University, Quebec, Canada; ETS Montreal, University of Quebec, Montreal, Canada; ETS Montreal, University of Quebec, Montreal, Canada; University of Michigan-Flint, Michigan, USA","2025 IEEE International Conference on Software Analysis, Evolution and Reengineering (SANER)","21 May 2025","2025","","","113","123","Microservices architecture is increasingly adopted in modern software projects. Microservices deployment is often managed by tools like Spring Cloud, Consul, and Docker. Although there is existing research on microservices, practical deployment challenges are still under-explored, impacting the efficiency and success of applications. In this paper, we aim to identify and understand the challenges developers encounter with microservices deployment. We analyze trends in help requests on Stack Overflow, one of the most popular Q&A platforms for developers, to identify and categorize these challenges and highlight the most popular and difficult ones. First, we examined 1,214 Stack Overflow posts related to microservices deployment using topic modelling based on the BERTopic method to extract and analyze challenge topics. To obtain a more comprehensive understanding, we also analyzed the identified topics according to their popularity and difficulty. Our results reveal that discussions related to microservices deployment vary over time from 2013 to 2023. We identified nine distinct topics related to microservices deployment challenges, including deployment strategies, data management, composition and discovery, containerization, configuration, and orchestration in Kubernetes, security management, CI/CD pipeline automation, exposure to external clients, and post-deployment monitoring. Results reveal that microservices containerization is the most popular topic that poses numerous challenges to many users, with 2,148 average views and a 3.19 average score. While composition and discovery and post deployment monitoring are the most challenging topics, with 78 % of questions on post deployment monitoring lacking accepted answers, and 28 % of questions about composition and discovery remaining unanswered. This study identifies critical areas in microservices deployment that need further investigation, particularly, difficult and popular ones.","2640-7574","979-8-3315-3510-0","10.1109/SANER64311.2025.00019","","https://ieeexplore.ieee.org/stamp/stamp.jsp?arnumber=10992455","Microservices;Deployment;Stack Overflow;Topic Modeling","Analytical models;Automation;Security management;Pipelines;Microservice architectures;Market research;Software;Springs;Interviews;Monitoring","","","","33","IEEE","21 May 2025","4-7 March 2025","4-7 March 2025","IEEE","IEEE Conferences"
"Towards Orchestration in the Cloud-Fog Continuum","X. Merino; C. Otero; D. Nieves-Acaron; B. Luchterhand","Dept. Computer Engineering and Sciences, Florida Institute of Technology, Melbourne, FL, USA; Dept. Computer Engineering and Sciences, Florida Institute of Technology, Melbourne, FL, USA; Dept. Computer Engineering and Sciences, Florida Institute of Technology, Melbourne, FL, USA; Dept. Computer Engineering and Sciences, Florida Institute of Technology, Melbourne, FL, USA",SoutheastCon 2021,"21 Apr 2021","2021","","","1","8","The growth of the Internet-of-Things has led to a rise in the need of computing power, storage, and network resources. As more data are being generated at the edge of the networks, the cloud model that enabled the affordable, on-demand, lease of these resources is ill-fitted to handle the volume and variety of data traveling to the core of the cloud and back. Some applications further showcase the limitations of the cloud by requiring strict low-latency communication and location awareness. Fog computing has been proposed as a solution to these issues that stem from the cloud's centralization. The fog is an emerging computing paradigm, conceived as an extension to the cloud, that aims to facilitate the creation of scalable infrastructures in the vicinity of the end-user. By decentralizing resources, it promises to optimize bandwidth consumption at the core and edge of the network while reducing latency between the service and the end-user. In this paper, we identify the requirements needed to orchestrate loads in the Cloud-Fog continuum and propose an architecture, built on available, open-source, components, that orchestrates loads with consideration to their geographical needs. We provide several levels of features (DNS-like service discovery, service mesh, health checks, encryption-as-a-service, among others) available to the operator and evaluate their quality-of-service implications, with respect to network latency and bandwidth, when compared to a simple deployment baseline.","1558-058X","978-1-6654-0379-5","10.1109/SoutheastCon45413.2021.9401822","","https://ieeexplore.ieee.org/stamp/stamp.jsp?arnumber=9401822","cloud computing;fog computing;orchestration;IoT;architecture;latency","Scalability;Computer architecture;Bandwidth;Quality of service;Containers;Tools;Telemetry","","8","","41","IEEE","21 Apr 2021","10-13 March 2021","10-13 March 2021","IEEE","IEEE Conferences"
"Decentralized Authentication in Microservice Architectures with SSI and DID in Blockchain","B. Boi; C. Esposito","Dept. of Computer Science, University of Salerno, Fisciano, Salerno, Italy; Dept. of Computer Science, University of Salerno, Fisciano, Salerno, Italy",2023 IEEE International Conference on Cloud Computing Technology and Science (CloudCom),"25 Mar 2024","2023","","","216","223","Microservice architectures aim at high modularity, reuse, and efficiency of code by structuring applications as a collection of services that are independently deployable, loosely coupled, and organized around business capabilities. As they are starting to be used in sensitive applications, security has started to be a priority, where authentication is one of the first protection means to be offered to developers by those products supporting microservice development. However, the available authentication solutions in these products are highly centralized, leveraging JSON Web Token (JWT) or related standards. This poses a serious issue in meeting the recent privacy legal obligations. In this paper, we propose a solution for integrating a decentralized blockchain-based authentication solution within the context of Istio, which is a service mesh supporting microservice developments. The usage of a Smart Contract, in combination with Decentralized Identifiers (DIDs) and JWT, paves the way for a concrete and fully decentralized revocation system without adding overhead or modification to existing microservices.","2380-8004","979-8-3503-3982-6","10.1109/CloudCom59040.2023.00043","","https://ieeexplore.ieee.org/stamp/stamp.jsp?arnumber=10475680","Security;Microservices;Authentication;Digital Identities;Blockchain","Privacy;Cloud computing;Law;Smart contracts;Microservice architectures;Authentication;Computer architecture","","2","","12","IEEE","25 Mar 2024","4-6 Dec. 2023","4-6 Dec. 2023","IEEE","IEEE Conferences"
"cnFlow: An eBPF-Driven Telemetry Framework for Cloud-Native Networks","J. Kim; J. Nam","Department of AI-Based Convergence, Dankook University; Department of Computer Engineering, Dankook University",2025 16th International Conference on Information and Communication Technology Convergence (ICTC),"19 Feb 2026","2025","","","1600","1605","Cloud-native platforms such as Kubernetes have transformed modern networking by decomposing applications into thousands of microservices communicating over heterogeneous protocols and dynamic multi-interface topologies. However, existing telemetry tools fall short in this environment: xFlow-style solutions omit application and identity context, while sidecar-based service meshes introduce high overhead and cannot observe hostNetwork or SR-IOV traffic. We present cnFlow, a sidecar-free, eBPF-based telemetry framework that provides low-overhead, context-rich observability for Kubernetes clusters. cnFlow attaches in-kernel eBPF programs to Traffic Control ingress/egress hooks on all pod and host interfaces, enabling real-time packet classification and export via lock-free ring buffers. In user space, it reconstructs higher-layer transactions, which are then enriched with Kubernetes metadata (e.g., namespace, service account, security context) and geolocation. Evaluations on a multi-protocol testbed show that cnFlow captures L3–L7 traffic (e.g., HTTP, Redis, DNS, ICMP) with 2% CPU overhead and sub-millisecond latency, outperforming Istio and Kubeshark in both efficiency and observability coverage.","2162-1241","979-8-3315-5678-5","10.1109/ICTC66702.2025.11387851","","https://ieeexplore.ieee.org/stamp/stamp.jsp?arnumber=11387851","Cloud-Native Network;Telemetry;eBPF","Network topology;Metadata;Traffic control;Real-time systems;Topology;Performance analysis;Telemetry;Security;Observability;Monitoring","","","","21","IEEE","19 Feb 2026","14-17 Oct. 2025","14-17 Oct. 2025","IEEE","IEEE Conferences"
"Deploying the observability of the SigSaude system using service mesh","J. S. Nunes; S. C. Sampaio; R. S. Malaquias; I. de Morais Barroca Filho","Digital Metropolis Institute, Federal University of Rio Grande do Norte, Natal, Brazil; Digital Metropolis Institute, Federal University of Rio Grande do Norte, Natal, Brazil; Digital Metropolis Institute, Federal University of Rio Grande do Norte, Natal, Brazil; Digital Metropolis Institute, Federal University of Rio Grande do Norte, Natal, Brazil",2020 20th International Conference on Computational Science and Its Applications (ICCSA),"18 Nov 2020","2020","","","9","15","The adoption of the microservice architectural style is proving very advantageous as it facilitates the creation of distributed, scalable and available solutions, favoring the use of cloud and container infrastructures. For these and other advantages has been widely adopted by large global companies in the application development market like Uber, Netflix, Amazon, SoundCloud, and many others. If on the one hand the use of microservices provides scalability, maintainability and availability, on the other hand it requires a high degree of observability of operations. However, traditional monitoring tools are incomplete to deal with this distributed scenario. Thus, this paper proposes the use of an integrated and scalable service mesh-based architecture to be incorporated into a health platform project whose main objective is to increase the observability capabilities of the system, allowing the contextualized monitoring of transactions between the various microservices.","","978-1-7281-9260-4","10.1109/ICCSA50381.2020.00014","","https://ieeexplore.ieee.org/stamp/stamp.jsp?arnumber=9257525","Observability;Microservice;Service Mesh","Monitoring;Observability;Measurement;Cloud computing;Tools;Containers;Topology","","4","","21","IEEE","18 Nov 2020","1-4 July 2020","1-4 July 2020","IEEE","IEEE Conferences"
"Kubernetes-Based Network Functions Orchestration for 5G Core Networks with Open Source MANO","R. Botez; A. -G. Pasca; V. Dobrota","Communications Department, Technical University of Cluj-Napoca, Cluj-Napoca, Romania; Communications Department, Technical University of Cluj-Napoca, Cluj-Napoca, Romania; Communications Department, Technical University of Cluj-Napoca, Cluj-Napoca, Romania",2022 International Symposium on Electronics and Telecommunications (ISETC),"16 Jan 2023","2022","","","1","4","Due to the constraints imposed by the 5G requirements in terms of low latency, high availability, but also because of the need to have flexible support for business models, mobile core networks have evolved towards a cloud-native (CN) approach. This implies a whole new approach to Network Function Virtualization (NFV), ensuring an adaptation of Virtual Network Functions (VNFs) running in virtual machines (VMs). These were phased out in favor of Cloud-native Network Functions (CNFs), or Kubernetes-based Network Functions (KNFs) as they are also called in Open Source MANO (OSM) terminology. This paper discusses the KNF -based deployment of an open-source 5G core network - free5GC, using OSM and following a cloud-native approach. The experiments highlighted the advantages of choosing a containerized approach in terms of availability, obtaining an average downtime of about five times shorter (5 seconds) than in the case of virtualization (25 seconds).","2475-7861","978-1-6654-5150-5","10.1109/ISETC56213.2022.10010246","","https://ieeexplore.ieee.org/stamp/stamp.jsp?arnumber=10010246","5G;Cloud Native;Kubernetes;MANO;NFV","Cloud computing;Adaptation models;5G mobile communication;Terminology;Virtual machining;Network function virtualization;Telecommunications","","11","","10","IEEE","16 Jan 2023","10-11 Nov. 2022","10-11 Nov. 2022","IEEE","IEEE Conferences"
"A Framework for Secure and Scalable State Management in Cloud-Native Multi-Modal AI Agents","G. Tadi; A. Mittal; S. Madduri","Astronomer.io, Leander, Texas, USA; University of the Cumberlands, Austin, Texas, USA; The University of Chicago, Argyle, Texas, USA","2025 IEEE 16th Annual Ubiquitous Computing, Electronics & Mobile Communication Conference (UEMCON)","4 Dec 2025","2025","","","0731","0736","This paper investigates the critical challenge of secure state management for multi-modal, multi-agent AI systems operating within cloud-native environments. We analyze the architectural paradigm clash between inherently stateless cloud-native principles and the stateful requirements of intelligent agents that process heterogeneous data streams including text, image, code, and audio. We conduct a comprehensive analysis of the emergent security threat landscape, focusing on vulnerabilities that arise from both inter-agent interactions and cross-modal data fusion. A rigorous comparative study of leading distributed key-value stores-Redis, etcd, Consul, and ZooKeeper-is presented, evaluating their consistency models, performance characteristics, and security postures against the unique demands of agentic workloads. The primary contribution is a novel, security-first framework for designing and implementing state management systems for AI agents in Kubernetes. We propose a hybrid architectural pattern that leverages different state stores for distinct state temporalities, incorporating configuration container technologies from recent patent innovations, and demonstrate performance improvements of up to 15x in token efficiency through optimized state management strategies.","","979-8-3315-6501-5","10.1109/UEMCON67449.2025.11267710","","https://ieeexplore.ieee.org/stamp/stamp.jsp?arnumber=11267710","secure state management;cloud-native;multimodal agents;decentralized trust;quantum machine learning","Technological innovation;Patents;Quantum computing;Neuromorphic engineering;Focusing;Production;Machine learning;Mobile communication;Security;Intelligent agents","","1","","30","IEEE","4 Dec 2025","22-24 Oct. 2025","22-24 Oct. 2025","IEEE","IEEE Conferences"
"Validation and Benchmarking of CNFs in OSM for pure Cloud Native applications in 5G and beyond","A. Pino; P. Khodashenas; X. Hesselbach; E. Coronado; S. Siddiqui","i2CAT Foundation, Barcelona, Spain; i2CAT Foundation, Barcelona, Spain; Department of Network Engineering, Universitat Politècnica de Catalunya (UPC), Barcelona, Spain; i2CAT Foundation, Barcelona, Spain; i2CAT Foundation, Barcelona, Spain",2021 International Conference on Computer Communications and Networks (ICCCN),"31 Aug 2021","2021","","","1","9","Cloud Native (CN) in 5G systems has been identified as a pivotal candidate for operational and capital expenditure savings as well as for improvements in system agility and services role-out. CN telco is a step forward with respect to Network Function Virtualisation (NFV) aiming at embracing a microservice-based architecture. With this in mind, the European Telecommunications Standards Institute (ETSI) has evolved the ETSI NFV reference architecture to adapt to CN and fill the gap with the NFV framework, including containers and ZeroTouch, among other capabilities. Open-source Management & Orchestration (MANO) initiatives, such as Open Source MANO (OSM), are promoting this adoption giving support to CN solutions based on containers. However, at this early stage deployments are currently non-standalone and embedded in VNF-based solutions such as OpenStack. In this context, this paper presents a proof of concept of a full container technology deployment -via Kubernetes- in a NFV architecture. First, a full CN NFV environment is set with the help of OSM MANO, for which we describe the implementation to enable native kubernetes-based Container Network Functions (CNFs) and analyse their performance, limits, advantages and drawbacks. Finally, our solution for CNFs is benchmarked against a typical OSMOpenStack setup where VNFs are deployed. The results obtained in this work can help to further encourage users and operators to use CNFs and get the most out of containerisation in NFV.","2637-9430","978-1-6654-1278-0","10.1109/ICCCN52240.2021.9522356","","https://ieeexplore.ieee.org/stamp/stamp.jsp?arnumber=9522356","NFV;5G;Cloud Native;OSM;K8s","Cloud computing;5G mobile communication;ETSI;Computer architecture;Production;Containers;Benchmark testing","","12","","40","IEEE","31 Aug 2021","19-22 July 2021","19-22 July 2021","IEEE","IEEE Conferences"
"Anomaly Detection and Root Cause Analysis in Cloud-Native Environments Using Large Language Models and Bayesian Networks","D. F. Pedroso; L. Almeida; L. E. G. Pulcinelli; W. A. A. Aisawa; I. Dutra; S. M. Bruschi","ICMC-Institute of Mathematical and Computer Sciences, University of São Paulo (USP), São Carlos, Brazil; Department of Computer Science, FCUP-Faculty of Sciences of the University of Porto, Porto, Portugal; ICMC-Institute of Mathematical and Computer Sciences, University of São Paulo (USP), São Carlos, Brazil; ICMC-Institute of Mathematical and Computer Sciences, University of São Paulo (USP), São Carlos, Brazil; Department of Computer Science, FCUP-Faculty of Sciences of the University of Porto, Porto, Portugal; ICMC-Institute of Mathematical and Computer Sciences, University of São Paulo (USP), São Carlos, Brazil",IEEE Access,"7 May 2025","2025","13","","77550","77564","Cloud computing technologies offer significant advantages in scalability and performance, enabling rapid deployment of applications. The adoption of microservices-oriented architectures has introduced an ecosystem characterized by an increased number of applications, frameworks, abstraction layers, orchestrators, and hypervisors, all operating within distributed systems. This complexity results in the generation of vast quantities of logs from diverse sources, making the analysis of these events an inherently challenging task, particularly in the absence of automation. To address this issue, Machine Learning techniques leveraging Large Language Models (LLMs) offer a promising approach for dynamically identifying patterns within these events. In this study, we propose a novel anomaly detection framework utilizing a microservices architecture deployed on Kubernetes and Istio, enhanced by an LLM model. The model was trained on various error scenarios, with Chaos Mesh employed as an error injection tool to simulate faults of different natures, and Locust used as a load generator to create workload stress conditions. After an anomaly is detected by the LLM model, we employ a dynamic Bayesian network to provide probabilistic inferences about the incident, proving the relationships between components and assessing the degree of impact among them. Additionally, a ChatBot powered by the same LLM model allows users to interact with the AI, ask questions about the detected incident, and gain deeper insights. The experimental results demonstrated the model’s effectiveness, reliably identifying all error events across various test scenarios. While it successfully avoided missing any anomalies, it did produce some false positives, which remain within acceptable limits.","2169-3536","","10.1109/ACCESS.2025.3565220","São Paulo State Research Foundation (FAPESP)(grant numbers:2019/26702-8); Coordination for the Improvement of Higher Education Personnel – CAPES under Grant ROR identifier: 00x0ma614; Mindera for their sponsorship and support throughout this research; ","https://ieeexplore.ieee.org/stamp/stamp.jsp?arnumber=10979844","Automated root cause analysis;Bayesian networks;LLM;cloud computing","Anomaly detection;Cloud computing;Monitoring;Microservice architectures;Large language models;Ecosystems;Computer architecture;Bayes methods;Scalability;Load modeling","","6","","23","CCBY","29 Apr 2025","2025","","IEEE","IEEE Journals"
"AI-Driven Ground Robots: Mobile Edge Computing and mmWave Communications at Work","G. Baruffa; A. Detti; L. Rugini; F. Crocetti; P. Banelli; G. Costante; P. Valigi","Department of Engineering, University of Perugia, Perugia, Italy; Department of Electronic Engineering, University of Rome “Tor Vergata,”, Rome, Italy; Department of Engineering, University of Perugia, Perugia, Italy; Department of Engineering, University of Perugia, Perugia, Italy; Department of Engineering, University of Perugia, Perugia, Italy; Department of Engineering, University of Perugia, Perugia, Italy; Department of Engineering, University of Perugia, Perugia, Italy",IEEE Open Journal of the Communications Society,"22 May 2024","2024","5","","3104","3119","The seamless integration of multiple radio access technologies (multi-RAT) and cloud/edge resources is pivotal for advancing future networks, which seek to unify distributed and heterogeneous computing and communication resources into a cohesive continuum system, tailored for mobile applications. Many research projects and focused studies are proposing solutions in this area, the impact of which is undoubtedly increased by moving from theoretical and simulation studies to experimental validations. To this aim, this paper proposes a testbed architecture that combines contemporary communication and cloud technologies to provide microservice-based mobile applications with the ability to offload part of their tasks to cloud/edge data centers connected by multi-RAT cellular networks. The testbed leverages Kubernetes, Istio service mesh, OpenFlow, public 5G networks, and IEEE 802.11ad mmWave (60 GHz) Wi-Fi access points. The architecture is validated through a use case in which a ground robot autonomously follows a moving object by using an artificial intelligence-driven computer vision application. Computationally intensive navigation tasks are offloaded by the robot to microservice instances, which are executed on demand within cloud and edge data centers that the robot can exploit during its journey. The proposed testbed is flexible and can be reused to assess communication and cloud innovations focusing on multi-RAT cloud continuum scenarios.","2644-125X","","10.1109/OJCOMS.2024.3399015","University of Perugia through the Fondo di Ricerca di Base 2022 Project “Energy-Efficient Networking, Signal Processing and Communications (EFESO)”; Fondo di Ricerca di Base 2020 Project “Systems, Algorithms, and Architectures for Information Transmission and Processing in Future Telecommunications and Sensor Networks”; Ministero dell’Istruzione, dell’Università e della Ricerca (MIUR) through the PRIN 2017 Project “Liquid Edge Computing Based on Distributed Machine Learning and Millimeter-Wave Radio Access (LIQUID_EDGE);”; European Union under the Italian National Recovery and Resilience Plan (NRRP) of NextGenerationEU, Partnership on “Telecommunications of the Future,” Program “RESTART”(grant numbers:PE00000001); “Netwin”(grant numbers:E83C22004640001); ","https://ieeexplore.ieee.org/stamp/stamp.jsp?arnumber=10527382","Containerization;ground robot;millimeter wave;mobile edge computing;mobile edge learning;object detection;orchestration;smart city;software defined networking","Robots;Microservice architectures;Task analysis;Cloud computing;Millimeter wave communication;5G mobile communication;Image edge detection","","6","","63","CCBYNCND","9 May 2024","2024","","IEEE","IEEE Journals"
"EAST Experimental Data Gateway Based on RESTful and Microservice Architecture","D. Fan; F. Wang; J. He","Chinese Academy of Sciences, Hefei Institutes of Physical Science, Hefei, China/P. R. China; Chinese Academy of Sciences, Hefei Institutes of Physical Science, Hefei, China/P. R. China; Chinese Academy of Sciences, Hefei Institutes of Physical Science, Hefei, China/P. R. China",2023 4th International Conference on Computer Engineering and Application (ICCEA),"1 Jun 2023","2023","","","205","211","This paper designs and implements the EAST ex-perimental data gateway based on RESTful and microservice architecture as a centralized control point for traffic and services. Different from the single-architecture UDA method with high complexity and limited scalability, our method aims to realize the decoupling of data services at the business logic and technology stack levels, thereby improving the usability and maintainability of data services, and Unified provision of protocol conversion and adaptation, service routing and governance, traffic management and fault tolerance, log recording and monitoring and other functions. To achieve this goal, this paper designs and implements the EAST experimental data gateway based on the technical solution of the combination of Nginx and Flask backend frame-work. On the one hand, the gateway provides a unified RESTful experimental data query service for various external terminal devices, enabling cross-platform data access without maintaining various programming language clients. On the other hand, the gateway internally accesses microservices implemented by different technology stacks to realize the decoupling of data access services. In order to further improve the maintainability of the system, this paper also implements registration discovery and health detection of microservices through Consul, and implements distributed link tracing based on Elastic APM to record relevant logs and display global topology relationships. The test results show that the EAST experimental data gateway meets the established functional requirements and performance requirem-ents.","2159-1288","979-8-3503-4754-8","10.1109/ICCEA58433.2023.10135363","National Key R&D Program of China(grant numbers:2018YFE0302100); ","https://ieeexplore.ieee.org/stamp/stamp.jsp?arnumber=10135363","East;Tokamak;data gateway;RESTful architecture;flow control;microservice governance","Fault tolerance;Computer languages;Protocols;Fault tolerant systems;Microservice architectures;Logic gates;Routing","","","","28","IEEE","1 Jun 2023","7-9 April 2023","7-9 April 2023","IEEE","IEEE Conferences"
"Intelligent Service Mesh Framework for API Security and Management","F. Hussain; W. Li; B. Noye; S. Sharieh; A. Ferworn","Royal Bank of Canada, Toronto, Canada; Royal Bank of Canada, Toronto, Canada; Royal Bank of Canada, Toronto, Canada; Royal Bank of Canada, Toronto, Canada; Department of Computer Science, Ryerson University, Toronto, Canada","2019 IEEE 10th Annual Information Technology, Electronics and Mobile Communication Conference (IEMCON)","19 Dec 2019","2019","","","0735","0742","With the advancements in enterprise-level business development, the demand for new applications and services is overwhelming. For the development and delivery of such applications and services, enterprise businesses rely on Application Programming Interfaces (APIs). API management and classification is a cumbersome task considering the rapid increase in the number of APIs, and API to API calls. API Mashups, domain APIs and API service mesh are a few recommended techniques for ease of API creation, management, and monitoring. API service mesh is considered as one of the techniques in this regard, in which the service plane and the control plane are separated for improving efficiency as well as security. In this paper, we propose and implement a security framework for the creation of a secure API service mesh using Istio and Kubernetes. Afterwards, we propose an smart association model for automatic association of new APIs to already existing categories of service mesh. To the best of our knowledge, this smart association model is the first of its kind.","2644-3163","978-1-7281-2530-5","10.1109/IEMCON.2019.8936216","","https://ieeexplore.ieee.org/stamp/stamp.jsp?arnumber=8936216","API Security;Service Mesh;Machine Learning enabled Security","Authentication;Access control;Monitoring;Load management;Routing;Tools","","25","","9","IEEE","19 Dec 2019","17-19 Oct. 2019","17-19 Oct. 2019","IEEE","IEEE Conferences"
"Service Routing in Multi-Tier Edge Computing: A Matching Game Approach","S. Wang; Y. Guo; X. Liu; A. Zhou","State Key Laboratory of Networking and Switching Technology, Beijing University of Posts and Telecommunications, Beijing, China; State Key Laboratory of Networking and Switching Technology, Beijing University of Posts and Telecommunications, Beijing, China; School of Information Technology, Deakin University, Geelong, VIC, Australia; State Key Laboratory of Networking and Switching Technology, Beijing University of Posts and Telecommunications, Beijing, China",IEEE Journal on Selected Areas in Communications,"15 Feb 2023","2023","41","3","835","844","Although microservice envisioned as a promising approach for edge applications which can improves the development efficiency and the deployment productivity, it also leads to the operational complexity during service runtime. This leads to the emergence of service mesh, a decided infrastructure layer over microservices for reliable service-to-service communication. However, when migrating the service mesh to the multi-tier edge computing, the corresponding extensions on the top of service mesh is needed to overcome the challenges brought by the multi-tier edge servers, shared microservices and diverse QoS requirements. Therefore, in this paper, we investigate the problem of service routing to achieve the efficient microservice-based service provision in multi-tier edge computing. The objective is to route user requests to the optimal microservice instances with low service delay and resource cost. To this end, we first formulate the service routing problem as an integer non-linear optimization problem, which is NP-hard. Then we map it to a many-to-one matching problem by employing the matching game theory and propose a dependency-aware deferred acceptance algorithm with dynamic quota. The experimental results based on a real-world dataset demonstrate that our proposed algorithm can significantly outperform existing representative algorithms in terms of service delay and resource cost.","1558-0008","","10.1109/JSAC.2022.3229378","National Key Research and Development Program of China(grant numbers:2020YFB1805502); National Science Foundation of China(grant numbers:61922017,62032003,61921003); ","https://ieeexplore.ieee.org/stamp/stamp.jsp?arnumber=9996397","Multi-tier edge computing;5G;microservice;service routing;task scheduling","Microservice architectures;Servers;Routing;Task analysis;Scheduling;Edge computing;Processor scheduling","","8","","36","IEEE","21 Dec 2022","March 2023","","IEEE","IEEE Journals"
"Securing the Cloud-Native 5G Control Plane","U. Kulkarni; S. Fahmy",Purdue University; Purdue University,MILCOM 2024 - 2024 IEEE Military Communications Conference (MILCOM),"6 Dec 2024","2024","","","1","6","The shift to cloud-native architectures in the 5G control plane introduces significant challenges in securing complex network functions deployed as microservices. Traditional security mechanisms, such as service mesh architectures and kernel-level solutions, often suffer from protocol limitations, high overhead, or incomplete inter-service encryption. Therefore, we present Zero Trust X Security Enforcement Microservice (ZTX-SEM), a protocol-agnostic zero-trust security solution designed specifically for cloud-native deployments. We propose a lightweight packet interception mechanism that operates across all protocols, a proactive authentication strategy that reduces latency and ensures continuous readiness, and an optimized secret key lookup that accelerates encrypted communication processing. Our experiments on a Kubernetes-deployed 5G control plane (core) demonstrate that ZTX-SEM outperforms existing solutions such as Istio, achieving 75% and 28% reductions in resource utilization and session setup times, respectively.","2155-7586","979-8-3503-7423-0","10.1109/MILCOM61039.2024.10774032","","https://ieeexplore.ieee.org/stamp/stamp.jsp?arnumber=10774032","","Military communication;Protocols;5G mobile communication;Microservice architectures;Authentication;Complex networks;Zero Trust;Encryption;Resource management","","1","","22","IEEE","6 Dec 2024","28 Oct.-1 Nov. 2024","28 Oct.-1 Nov. 2024","IEEE","IEEE Conferences"
"A Comparative Study of Security Mechanisms to Prevent Denial of Service (Dos) Attacks in Kubernetes","S. Dikun; V. Ayala-Rivera; A. O. Portillo-Dominguez","Faculty of Computing, Digital and Data, Digital Futures Research Hub Technological University Dublin, Dublin, Ireland; Faculty of Computing, Digital and Data, Digital Futures Research Hub Technological University Dublin, Dublin, Ireland; Faculty of Computing, Digital and Data, Digital Futures Research Hub Technological University Dublin, Dublin, Ireland",2025 13th International Conference in Software Engineering Research and Innovation (CONISOFT),"5 Feb 2026","2025","","","223","232","Kubernetes is a powerful and widely used container orchestration platform. However, its popularity also makes it an attractive target for cybersecurity attacks such as Denial-of-Service (DoS), which can significantly disrupt the services and operations of organizations. To help to improve the security practices of Kubernetes-based clusters, we present a comparative study in which we systematically evaluated six popular security defense mechanisms (i.e., Rate Limiting, Resource Quotas, Network Policies, Role-Based Access Control, API Rate Limiting, and Service Meshes) against DoS attacks. Using a controlled test environment with Minikube, we assess each mechanism's effectiveness at blocking attacks, its performance overhead, and its operational complexity. Our results show that no single mechanism is sufficient on its own; instead, a layered combination yields the strongest defense. We conclude with actionable guidance for practitioners on selecting and integrating these mechanisms to enhance Kubernetes resilience against DoS threats.","","979-8-3315-6728-6","10.1109/CONISOFT66928.2025.00037","","https://ieeexplore.ieee.org/stamp/stamp.jsp?arnumber=11369745","Secure Software Engineering;Kubernetes;Denial-of-Service;Cybersecurity","Access control;Technological innovation;Limiting;Organizations;Containers;Denial-of-service attack;Complexity theory;Software engineering;Resilience","","","","24","IEEE","5 Feb 2026","27-31 Oct. 2025","27-31 Oct. 2025","IEEE","IEEE Conferences"
"Building an effective KPI monitoring system for an OTT Platform","B. Jena; D. Mishra; S. Mishra","Department of Computer Science and Engineering, Siksha ‘O’ Anusandhan (Deemed to be) University, Bhubaneswar, India; Department of Computer Science and Engineering, Siksha ‘O’ Anusandhan (Deemed to be) University, Bhubaneswar, India; Department of Computer Science and Information Technology, Siksha ‘O’ Anusandhan (Deemed to be) University, Bhubaneswar, India",2024 International Conference on Emerging Systems and Intelligent Computing (ESIC),"1 Apr 2024","2024","","","225","230","Success of any Over the Top (OTT) platform depends on how the platform is providing best user experience along with content to its customers. Being in media and entertainment space customers need to access content from various devices like mobile, tab, desktop, tv including set top boxes. To measure the effectiveness of the systems its inevitable to define standard Key Performance Indicators (KPIs) and continuously monitor the application along with standard monitoring capabilities at infrastructure level to make the application available with required throughput. This paper describes in detail various application KPIs respective to different channels and systems along with tools used to measure the same.","","979-8-3503-4985-6","10.1109/ESIC60604.2024.10481568","","https://ieeexplore.ieee.org/stamp/stamp.jsp?arnumber=10481568","OTT;KPI;Kibana;Service Mesh;Play Store","Over-the-top media services;TV;Key performance indicator;Ecosystems;Entertainment industry;Media;Throughput","","1","","23","IEEE","1 Apr 2024","9-10 Feb. 2024","9-10 Feb. 2024","IEEE","IEEE Conferences"
"Adaptive Plugin Architecture Optimization and Cloud-Native Deployment Strategy for AutoML Systems","X. Wang; Q. Wang; J. Gao","Beijing Fibrlink Communications Co., LTD., Beijing, China; Beijing Fibrlink Communications Co., LTD., Beijing, China; Beijing Fibrlink Communications Co., LTD., Beijing, China",2025 10th International Conference on Cyber Security and Information Engineering (ICCSIE),"5 Feb 2026","2025","","","561","565","As Automated Machine Learning (AutoML) frameworks grow in complexity and modularity, ensuring plugin compatibility and deployment efficiency becomes increasingly critical for scalable machine learning workflows. Traditional static plugin chains often fail to adapt to heterogeneous cloud environments and evolving model search pipelines. This paper proposes an adaptive plugin architecture optimization framework tailored for AutoML scenarios, incorporating a dynamic compatibility evaluation mechanism and container-native deployment strategy. We model plugin interaction constraints as a directed acyclic compatibility graph (DACG) and apply reinforcement-guided search to reconfigure execution order under changing workloads. Additionally, we design a deployment controller that supports service mesh-aware rollout, latency feedback adjustment, and resource-aware scaling for each plugin unit. Experimental results on multiple AutoML toolkits demonstrate improved pipeline convergence speed and deployment stability across Kubernetes-based infrastructures. The proposed method enables scalable, robust, and maintainable plugin orchestration for cloud-native AutoML workflows.","","979-8-3315-8572-3","10.1109/ICCSIE65832.2025.00103","","https://ieeexplore.ieee.org/stamp/stamp.jsp?arnumber=11369023","AutoML;plugin compatibility;architecture optimization;cloud-native deployment;Kubernetes;service mesh;pipeline scheduling","Adaptation models;Adaptive systems;Pipelines;Semantics;Automated machine learning;Dynamic scheduling;Stability analysis;Software reliability;Optimization;Convergence","","","","15","IEEE","5 Feb 2026","23-25 July 2025","23-25 July 2025","IEEE","IEEE Conferences"
"Container Security: Issues, Challenges, and the Road Ahead","S. Sultan; I. Ahmad; T. Dimitriou","Kuwait University, Kuwait, KW; Kuwait University, Kuwait, KW; Kuwait University, Kuwait, KW",IEEE Access,"29 Apr 2019","2019","7","","52976","52996","Containers emerged as a lightweight alternative to virtual machines (VMs) that offer better microservice architecture support. The value of the container market is expected to reach $2.7 billion in 2020 as compared to $762 million in 2016. Although they are considered the standardized method for microservices deployment, playing an important role in cloud computing emerging fields such as service meshes, market surveys show that container security is the main concern and adoption barrier for many companies. In this paper, we survey the literature on container security and solutions. We have derived four generalized use cases that should cover security requirements within the host-container threat landscape. The use cases include: (I) protecting a container from applications inside it, (II) inter-container protection, (III) protecting the host from containers, and (IV) protecting containers from a malicious or semi-honest host. We found that the first three use cases utilize a software-based solutions that mainly rely on Linux kernel features (e.g., namespaces, CGroups, capabilities, and seccomp) and Linux security modules (e.g., AppArmor). The last use case relies on hardware-based solutions such as trusted platform modules (TPMs) and trusted platform support (e.g., Intel SGX). We hope that our analysis will help researchers understand container security requirements and obtain a clearer picture of possible vulnerabilities and attacks. Finally, we highlight open research problems and future research directions that may spawn further research in this area.","2169-3536","","10.1109/ACCESS.2019.2911732","","https://ieeexplore.ieee.org/stamp/stamp.jsp?arnumber=8693491","Containers;Docker;Linux containers;OS level virtualization;lightweight virtualization;security;survey","Containers;Security;Computer architecture;Kernel;Cloud computing;Linux","","233","1","120","OAPA","17 Apr 2019","2019","","IEEE","IEEE Journals"
"An East-West-Traffic Governance System Based on eBPF and Centralized Gateway","Z. Liu; Z. Qian; N. Li","School of Software & Microelectronics, Peking University, Beijing, China; Alibaba Cloud Alibaba Group, Hangzhou, China; School of Software Beihang University, Beijing, China","2023 IEEE International Conference on Sensors, Electronics and Computer Engineering (ICSECE)","29 Sep 2023","2023","","","1366","1370","As the concept of cloud native continues to grow in popularity, Service Mesh has become a hot topic for developers. The traditional Service Mesh architecture(istio) uses the Sidecar-Per-Pod model, which has poor performance and resource utilization and high O&M costs. The paper adopts eBPF to redirect all East-West-Traffic to centralized gateway, thus enabling unified governance of East-West-Traffic. It is shown that the Centralized-Gateway mode improves the resource utilization and performance, and also reduces system O&M complexity compared to the sidecar per mode model.","","979-8-3503-1373-4","10.1109/ICSECE58870.2023.10263324","","https://ieeexplore.ieee.org/stamp/stamp.jsp?arnumber=10263324","Serice Mesh;Microservice;Cloud Native;Centralized Gateway;Distributed System","Access control;Costs;Buildings;Authentication;Logic gates;Maintenance engineering;Sensor systems","","","","14","IEEE","29 Sep 2023","18-20 Aug. 2023","18-20 Aug. 2023","IEEE","IEEE Conferences"
"Leveraging the cloud-native approach for the design of 5G NextGen Core Functions","O. -M. Ungureanu; C. Vlădeanu","University Politehnica of Bucharest, Bucharest, Romania; University Politehnica of Bucharest, Bucharest, Romania",2022 14th International Conference on Communications (COMM),"13 Jul 2022","2022","","","1","7","Due to the ever-growing market needs and extension to different industries, the design of the 5G Next Generation (5G NextGen) Core is on the verge to evolve towards a service-based architecture. Therefore, this paper presents a novel approach to run the 5G NextGen Core Functions as Cloud-Native applications that can be easily scaled on demand to match the constraints of different verticals. In our setup, we employ the Open5GS open-source tool that runs in containers orchestrated by Kubernetes while we simulate consequent PDU session establishment requests using the UERANSIM emulator. Hence, we deploy a service mesh solution that reveals real-time inter-service communication in terms of traffic distribution, requests duration and throughput among all 5G core services.","","978-1-6654-9485-4","10.1109/COMM54429.2022.9817268","","https://ieeexplore.ieee.org/stamp/stamp.jsp?arnumber=9817268","network functions virtualization;network slicing;cloud-native;containers;orchestrator;service mesh","Industries;Cloud computing;5G mobile communication;Containers;Throughput;Real-time systems;Open source software","","8","","31","IEEE","13 Jul 2022","16-18 June 2022","16-18 June 2022","IEEE","IEEE Conferences"
"Cloud-Native Network Slicing in 5G-Enabled Iot Systems: Architectures, Mechanisms, and Applications","V. K. Sharma","Technical Manager, Nokia Networks, USA","2026 5th International Conference on Communication, Computing and Electronics Systems (ICCCES)","25 Mar 2026","2026","","","230","237","Cloud-native network slicing has emerged as a transformative paradigm in advancing 5G-enabled Internet of Things (IoT) ecosystems. By decomposing traditional monolithic network functions into modular, containerized microservices orchestrated through Software-Defined Networking (SDN), Network Function Virtualization (NFV), and Kubernetes, it enables agile, scalable, and programmable communication infrastructures. This study examines the theoretical foundations and operational mechanisms of cloudnative slicing, emphasizing multi-layered architecture, service mesh integration, and edge-cloud coordination as critical enablers of efficient Quality of Service (QoS) delivery. Artificial intelligence (AI) and machine learning (ML) play an increasingly vital role in predictive orchestration, adaptive resource management, and intent-driven automation for managing distributed network functions. Despite significant advancements, studies reveal continuing challenges in achieving seamless interoperability, energy-efficient orchestration, and secure isolation within multi-tenant domains. Addressing these complexities requires lightweight, standardized frameworks that support cross-domain adaptability and sustainable operation. The advancement of $\mathbf{5 G}$ architectures thus underscores the importance of intelligent orchestration, distributed automation, and context-aware network management to achieve resilient, efficient, and scalable IoT service delivery across diverse application domains.","","979-8-3315-5621-1","10.1109/ICCCES62661.2026.11436789","","https://ieeexplore.ieee.org/stamp/stamp.jsp?arnumber=11436789","Cloud-Native Network Slicing;Internet of Things;Edge-Cloud Orchestration;Artificial Intelligence;5GNetwork;Quality of Service","Cloud computing;Automation;Network slicing;Microservice architectures;Quality of service;Semantic communication;Network function virtualization;Internet of Things;Resource management;Interoperability","","","","23","IEEE","25 Mar 2026","21-23 Jan. 2026","21-23 Jan. 2026","IEEE","IEEE Conferences"
"Proxyless Zero Trust for Edge and IoT: Decoupling Control and Data Paths","N. Zingirian","Department of Information Engineering, University of Padova, ITALY",2025 7th International Conference on Blockchain Computing and Applications (BCCA),"14 Nov 2025","2025","","","799","805","Zero Trust Network Access (ZTNA) is a key model for securing distributed systems, but traditional implementations rely on proxies or gateways to mediate traffic. While effective for enterprise use, this approach adds latency, complexity, and lacks compatibility with constrained or intermittently connected devices, limiting its suitability for IoT and edge computing. This paper presents a proxyless ZTNA architecture designed for such environments, where a centralized Zero Trust Authority (ZTA) issues short-lived, signed HTTP session cookies after authentication and policy checks. These tokens are transmitted via standard headers and presented directly to protected services, which validate them without inline intermediaries. This design enforces Zero Trust principles while enabling secure, low-latency communication across heterogeneous edge nodes, reducing infrastructure overhead and supporting devices unsuited to proxy-based or service mesh architectures. The proposed architecture reduces latency and accelerates session recovery compared to proxy-based ZTNA, enabling secure deployment in heterogeneous edge and IoT environments.","","979-8-3315-0296-6","10.1109/BCCA66705.2025.11229676","","https://ieeexplore.ieee.org/stamp/stamp.jsp?arnumber=11229676","Identity Integration;Distributed Access;JWT","Limiting;Computational modeling;Computer architecture;Logic gates;HTTP;Zero Trust;Complexity theory;Low latency communication;Standards;Edge computing","","","","15","IEEE","14 Nov 2025","14-17 Oct. 2025","14-17 Oct. 2025","IEEE","IEEE Conferences"
"A Software-Defined Networking Solution for Interconnecting Network Functions in Service-Based Architectures","P. Fondo-Ferreiro; F. Gil-Castiñeira; F. J. González-Castaño; D. Candal-Ventureira","Information Technologies Group, AtlanTTic, University of Vigo, Vigo, Spain; Information Technologies Group, AtlanTTic, University of Vigo, Vigo, Spain; Information Technologies Group, AtlanTTic, University of Vigo, Vigo, Spain; Information Technologies Group, AtlanTTic, University of Vigo, Vigo, Spain",IEEE Access,"28 Feb 2022","2022","10","","19905","19916","Mobile core networks handle critical control functions for delivering services in modern cellular networks. Traditional point-to-point architectures, where network functions are directly connected through standardized interfaces, are being substituted by service-based architectures (SBAs), where core functionalities are finer-grained microservices decoupled from the underlying infrastructure. In this way, network functions and services can be distributed, with scaling and fail-over mechanisms, and can be dynamically deployed, updated, or removed to support slicing. A myriad of network functions can be deployed or removed according to traffic flows, thereby increasing the complexity of connection management. In this context, 3GPP Release 16 defines the service communication proxy (SCP) as a unified communication interface for a set of network functions. In this paper, we propose a novel software-defined networking (SDN)-based solution with the same role for a service mesh architecture where network functions can be deployed anywhere in the infrastructure. We demonstrated its efficiency in comparison with alternative architectures.","2169-3536","","10.1109/ACCESS.2022.3152197","“la Caixa” Foundation (ID 100010434) Fellowship(grant numbers:LCF/BQ/ES18/11670020); Ministerio de Ciencia e Innovación, Spain(grant numbers:PID2020-116329GB-C21,PDC2021-121335-C21); ","https://ieeexplore.ieee.org/stamp/stamp.jsp?arnumber=9715121","Software-defined networking (SDN);service communication proxy (SCP);5G;service-based architecture (SBA);core network (CN)","Noise measurement;3GPP;5G mobile communication;Computer architecture;Routing;Proposals;Microservice architectures","","5","","29","CCBYNCND","16 Feb 2022","2022","","IEEE","IEEE Journals"
"VNF Lifecycle Evaluation Study for Virtualized FeMBMS","Á. Gabilondo; Z. Fernández; Á. Martín; P. Angueira; J. Montalbán","Vicomtech Foundation, Basque Research and Technology Alliance (BRTA) Paseo Mikeletegi 57, San Sebastián, Spain; Vicomtech Foundation, Basque Research and Technology Alliance (BRTA) Paseo Mikeletegi 57, San Sebastián, Spain; Vicomtech Foundation, Basque Research and Technology Alliance (BRTA) Paseo Mikeletegi 57, San Sebastián, Spain; Dpt. Communications Engineering, University of the Basque Country (UPV/EHU), Bilbao, Spain; Dpt. Electronic Technology, University of the Basque Country (UPV/EHU), San Sebastián, Spain",2022 Joint European Conference on Networks and Communications & 6G Summit (EuCNC/6G Summit),"8 Jul 2022","2022","","","238","242","Network Function Virtualization (NFV) is the core technology to boost the digital transformation of 5G networks. However, in order to achieve the promising agility and efficiency of networks to respond in real-time to traffic demands, the performance of virtualization systems to deploy Virtual Network Functions (VNFs) on demand is crucial. One of the most relevant new 5G paradigms is the one that brings multicast and broadcast capabilities to mobile networks, allowing overlaying the network when unicast connections are not efficient in applications that transmit the same content to multiple end-users. This technology coming from 3rd Generation Partnership Project (3GPP) release 14 is Further evolved Multimedia Broadcast Multicast Services (FeMBMS). The capacity of the network to deploy such FeMBMS VNF to satisfy a dense demand of popular contents in a cell means a powerful technology to ensure the Quality of Service (QoS) for a big audience while preserving available resources for concurrent unicast traffic. In this paper, based on OpenAirInterface and the virtualization of its components, we study the performance when deploying FeMBMS VNF instances in different virtualization stacks, such as softwarization of the technology through Docker, the use of Kubernetes or the addition of Open Source Mano (OSM). At the same time, the potential of virtual Radio Access Network (vRAN) is analysed as a tool for the deployment of transmission services based on FeMBMS in 3GPP ecosystems. The results address the low impact of different levels of virtualization on the inner workings of the deployed applications, as well as the potential of vRAN as a tool for the deployment of FeMBMS-based broadcast services.","2575-4912","978-1-6654-9871-5","10.1109/EuCNC/6GSummit54941.2022.9815676","Ministry of Economy; ","https://ieeexplore.ieee.org/stamp/stamp.jsp?arnumber=9815676","5G Broadcast;vRAN;FeMBMS;3GPP;Kubernetes;OSM;OpenAirInterface;Docker.","Measurement;5G mobile communication;Unicast;Quality of service;Real-time systems;Network function virtualization;3GPP","","2","","21","IEEE","8 Jul 2022","7-10 June 2022","7-10 June 2022","IEEE","IEEE Conferences"
"PuzzleMesh: A Puzzle Model to Build Mesh of Agnostic Services for Edge-Fog-Cloud","D. D. Sanchez-Gallegos; J. L. Gonzalez-Compean; J. Carretero; H. M. Marin-Castro; A. Tchernykh; R. Montella","Cinvestav Tamaulipas, Ciudad Victoria, Tamaulipas, Mexico; Cinvestav Tamaulipas, Ciudad Victoria, Tamaulipas, Mexico; Universidad Carlos III de Madrid, Madrid, Spain; Cátedras CONACYT - Universidad Autónoma de Tamaulipas, Ciudad Victoria, Tamaulipas, Mexico; CICESE Research Center, Ensenada, Mexico, Ivannikov Institute for System Programming, RAS Moscow, Moscow, Russia; Department of Science and Technologies, University of Naples “Parthenope”, Napoli, NA, Italy",IEEE Transactions on Services Computing,"7 Apr 2023","2023","16","2","1334","1345","This paper presents the design, development, and evaluation of PuzzleMesh, an agnostic service mesh composition model to process large volumes of data in edge-fog-cloud environments. This model is based on a puzzle metaphor where pieces, puzzles, and metapuzzles represent self-contained autonomous and reusable software artifacts encapsulated into containers and published as microservices. A piece represents the integration of apps with I/O interfaces (loops/sockets), parallel processing, and management software. A puzzle represents a processing structure (e.g., workflows) built coupling pieces through loops and sockets. Puzzles integrate structures with a microservice architecture, implicit continuous dataflows, and transparent data exchange management software. A metapuzzle represents a recursive assemble of puzzles. A mesh represents a pool of pieces, puzzles, and metapuzzles available for designers to choose artifacts to build services. A prototype developed using PuzzleMesh model was evaluated through case studies about the automatic construction of processing services for the acquisition, pre-processing, manufacturing, preserving, and visualizing of satellite imagery. A qualitative comparison revealed that PuzzleMesh provides a flexible way to build reusable and portable services and to improve the usability of the services. The case study also revealed that PuzzleMesh yielded better performance results than other state-of-the-art tools.","1939-1374","","10.1109/TSC.2022.3175057","CONACYT-PRONACES(grant numbers:41756); Ministerio de Ciencia e Innovación(grant numbers:PID2019-107858GB-I00); Ministry of Education and Science of the Russian Federation(grant numbers:075-15-2020-788); ","https://ieeexplore.ieee.org/stamp/stamp.jsp?arnumber=9774922","Agnostic services;big data pipelines;microservices architecture;edge-fog-cloud services","Organizations;Software;Data models;Couplings;Parallel processing;Programming;Pipelines","","10","","50","IEEE","13 May 2022","1 March-April 2023","","IEEE","IEEE Journals"
"On design and implementation of a cloud-native B5G mobile core network","Q. T. Thai; M. -E. Kim; N. Ko","Network Research Division, ETRI; Network Research Division, ETRI; Network Research Division, ETRI",2023 IEEE 12th International Conference on Cloud Networking (CloudNet),"9 Apr 2024","2023","","","477","482","As we transition from 5G to 6G, our focus shifts to a mobile core network that embraces flexibility, scalability, and automation in multi-cloud setups. Despite the progress made in 5G, its full realization is still an emerging development. This study analyzes the limitations of 5G architecture and the challenges of cloud deployment. Embracing cloud-native principles, we engineer a new core network architecture that decouples business layers from deployment and operation layers. We introduce a native service mesh that transforms network functions into cloud-native applications. To demonstrate this, we deploy our enhanced core network on cloud platforms, taking a significant step to turn the vision into a reality.","2771-5663","979-8-3503-1306-2","10.1109/CloudNet59005.2023.10490029","","https://ieeexplore.ieee.org/stamp/stamp.jsp?arnumber=10490029","","5G mobile communication;Source coding;Scalability;Microservice architectures;Transforms;Network architecture;Routing","","3","","12","IEEE","9 Apr 2024","1-3 Nov. 2023","1-3 Nov. 2023","IEEE","IEEE Conferences"
"DCE: A High-Performance, Scalable, Enterprise-Level Cloud Native Operating System","Q. Chen; H. Zhang; K. Yan; F. Guo; H. Yang; Y. Bai; L. Hou","Shanghai DaoCloud Network Technology Co., Ltd., Shanghai, China; Shanghai DaoCloud Network Technology Co., Ltd., Shanghai, China; Shanghai DaoCloud Network Technology Co., Ltd., Shanghai, China; Shanghai DaoCloud Network Technology Co., Ltd., Shanghai, China; Shanghai DaoCloud Network Technology Co., Ltd., Shanghai, China; Shanghai DaoCloud Network Technology Co., Ltd., Shanghai, China; Shanghai DaoCloud Network Technology Co., Ltd., Shanghai, China",2023 IEEE 8th International Conference on Smart Cloud (SmartCloud),"18 Dec 2023","2023","","","208","213","The cloud native methodology has emerged as an optimized solution to meet the ever-evolving demands and challenges of modern application deployment and management. DaoCloud Enterprise (DCE), a high-performance and scalable cloud native operating system, developed by Shanghai DaoCloud Network Technology Co., Ltd. has experienced rapid growth over the past eight years, gaining valuable experience in various fields, including finance, automotive, manufacturing, smart city and retail etc. The company has been dedicated to exploring cloud native technology, such efforts fruited as eight major components offered by DCE, including multi-cloud orchestration, microservice governance, container management, insight, global management, storage, service mesh, and workbench. DCE empowers the enterprises to embrace their digital future, and efficiently increase their business agility.","","979-8-3503-1350-5","10.1109/SmartCloud58862.2023.00044","","https://ieeexplore.ieee.org/stamp/stamp.jsp?arnumber=10349204","cloud native;container;multi-cloud orchestration;microservice governance;insight","Productivity;Industries;Smart cities;Operating systems;Microservice architectures;Finance;Manufacturing","","2","","31","IEEE","18 Dec 2023","16-18 Sept. 2023","16-18 Sept. 2023","IEEE","IEEE Conferences"
"A Multi-Layered Zero Trust Microsegmentation Solution for Cloud-Native 5G & Beyond Networks","C. Benzaïd; N. Guerd; N. El Houda Rehouma; K. Zeraoulia; T. Taleb","University of Oulu, Oulu, Finland; University of Sciences and Technology Houari Boumediene, Algiers, Algeria; University of Sciences and Technology Houari Boumediene, Algiers, Algeria; University of Sciences and Technology Houari Boumediene, Algiers, Algeria; Ruhr University Bochum, Bochum, Germany",2025 IEEE Wireless Communications and Networking Conference (WCNC),"9 May 2025","2025","","","1","7","Zero Trust (ZT) is poised as a promising paradigm to effectively deal with the envisioned security risks of cloud-native 5G and beyond (B5G) architectures. However, integrating a ZT security model into B5G is still in its nascent stages, with most proposals remaining largely theoretical or limited to a single domain. This paper presents THAALOUB, a novel ZT framework that empowers 3GPP-compliant, end-to-end ZT security in cloud-native B5G networks. The framework leverages the advanced security features of Service Mesh and Container Network Interface (CNI) technologies to enable a multi-layered ZT microsegmentation security model. Moreover, it adopts an intent-based access control approach to foster proactive ZT security management. The experimental results show THAALOUB's high effectiveness in enhancing B5G security stance with minimal impact on latency and resource usage.","1558-2612","979-8-3503-6836-9","10.1109/WCNC61545.2025.10978671","","https://ieeexplore.ieee.org/stamp/stamp.jsp?arnumber=10978671","B5G;Cloud-Native;Zero Trust;Microsegmen-tation;Service Mesh","Access control;5G mobile communication;Security management;Containers;Zero Trust;Security;Proposals;Network interfaces","","2","","19","IEEE","9 May 2025","24-27 March 2025","24-27 March 2025","IEEE","IEEE Conferences"
"Elastic Scaling of Real-Time Communication Services","M. Nagy; T. Lévai; F. Németh; A. Panda; G. Antichi; G. Rétvári","Ericsson, Budapest, Hungary; Department of Telecommunications and Artificial Intelligence, Faculty of Electrical Engineering and Informatics, Budapest University of Technology and Economics (BME), Budapest, Hungary; Department of Telecommunications and Artificial Intelligence, Faculty of Electrical Engineering and Informatics, Budapest University of Technology and Economics (BME), Budapest, Hungary; New York University (NYU), New York, NY, USA; Politecnico di Milano, Milano, Italy; Department of Telecommunications and Artificial Intelligence, Faculty of Electrical Engineering and Informatics, Budapest University of Technology and Economics (BME), Budapest, Hungary",IEEE Transactions on Network and Service Management,"20 Mar 2026","2026","23","","3393","3405","Real-time Communications (RTC) services, including multiparty conferencing, live streaming, and cloud-gaming, rely on a large-scale media plane infrastructure that provides real-time audio/video processing to clients. Unfortunately, off-the-shelf RTC services are not elastically scalable. As a result, operators must provision media servers to meet peak demand, resulting in resource under-utilization and high cost. Given that today microservice orchestrators like Kubernetes allow web-services to scale transparently and econimically, this paper looks at applying the same approach to scale large-scale RTC services. We find that this is challenging for two reasons: 1) default network dataplane underlying Kubernetes does not meet the compelling traffic management, performance and real-time requirements of RTC; and 2) current autoscaling policies are ill-suited to RTC. We address these challenges by designing a RTC-specific service mesh that pushes media traffic processing into the OS kernel and designing new RTC-specific Kubernetes autoscaling policies. Our evaluation on a functional VoIP test-bed shows that this combination allows to deploy elatically scalable RTC services with  $100\times $  lower-jitter and  $700\times $  lower RTT than the current state-of-the art.","1932-4537","","10.1109/TNSM.2026.3674598","","https://ieeexplore.ieee.org/stamp/stamp.jsp?arnumber=11435462","Real-time systems;WebRTC;web conferencing","Media;Servers;WebRTC;Routing;Kernel;Jitter;IP networks;Resource management;Microservice architectures;HTTP","","","","69","IEEE","16 Mar 2026","2026","","IEEE","IEEE Journals"
"Towards a Stateless Cloud Native and Cloud Agnostic Digital Twin Platform for the Digital Product Passport: Out-of-the-box, Reliable, and Scaling","M. Redeker; S. Simikin; F. Marek","Fraunhofer IOSB, IOSB-INA Lemgo, Fraunhofer Institute of Optronics, System Technologies and Image Exploitation; New York University, Shanghai, China; Novatio-Solutions GmbH, Germany",2024 IEEE 29th International Conference on Emerging Technologies and Factory Automation (ETFA),"16 Oct 2024","2024","","","1","8","Interoperable digital twins (DT) simplify and automate the implementation of Industry 4.0 (I4.0) use cases like Collaborative Condition Monitoring (CCM), Product and Corporate Carbon Footprint (PCF, CCF) and the Digital Product Passport (DPP) - aiming at adaptivity, resource-efficiency, user-friendliness, compliance with legal requirements and value-creation. Platforms accelerate the development and deployment of DTs and services and ensure their resilient operation in order to capture especially all relevant shop-floor information, for example to aggregate PCFs, CCFs, and DPPs or to report on sustainability - automatically. However, platform operators should in particular avoid cloud provider lock-ins to be able to react flexibly to use case requirements at any time. The technology must be manageable and costs must be controllable. The aim is to achieve a break-even point between security, costs, future viability and controllability, short implementation time and motivated use. Such requirements can currently only be met with cloud infrastructures. An agnostic design ensures that switching infrastructures is possible and can be done both securely and quickly. To this end, this paper develops an out-of-the-box cloud native and cloud agnostic DT platform providing specialized, stateless, loosely coupled DT services interacting within a service mesh. The developed platform meets the requirements, can easily be executed in any public, private and hybrid cloud, and can be scaled horizontally without any further ado.","1946-0759","979-8-3503-6123-0","10.1109/ETFA61755.2024.10710875","","https://ieeexplore.ieee.org/stamp/stamp.jsp?arnumber=10710875","Digital Product Passport;Stateless Cloud Native and Cloud Agnostic Digital Twin Platform;Industry 4.0","Connectors;Condition monitoring;Costs;Microservice architectures;Switches;Digital twins;Servers;Security;Carbon footprint;Portals","","","","38","IEEE","16 Oct 2024","10-13 Sept. 2024","10-13 Sept. 2024","IEEE","IEEE Conferences"
"SliMANO: An Expandable Framework for the Management and Orchestration of End-to-end Network Slices","F. Meneses; M. Fernandes; D. Corujo; R. L. Aguiar","Instituto de Telecomunicações and Universidade de Aveiro, Portugal; Instituto de Telecomunicações and Universidade de Aveiro, Portugal; Instituto de Telecomunicações and Universidade de Aveiro, Portugal; Instituto de Telecomunicações and Universidade de Aveiro, Portugal",2019 IEEE 8th International Conference on Cloud Networking (CloudNet),"13 Apr 2020","2019","","","1","6","This paper proposes a slice management and orchestration framework for abstracting the instantiation of end-to-end network slices, which are composed by a chain of both physical and virtual network functions. In this line, the proposed SliMANO framework is a plug-in based system that requests network resources and coordinates the interaction among network orchestration entities for its instantiation and chaining in order to perform an end-to-end slice. These entities could range from management and orchestration (MANO), Software Defined Networking (SDN) controllers and Radio Access Network (RAN) controllers. A proof-of-concept prototype was implemented and experimentally evaluated, with results showcasing its feasibility. The results revealed a increase in the delay, associated with instantiation and deletion operations, when compared with the recently introduced network slicing feature (NetSlice) of the Open-source Management and Orchestration (OSM). Results showed that the delay is mostly associated to SliMANO being an entity external to the orchestrator itself, which comes as a trade-off for its added inter-operation capabilities. Moreover, SliMANO goes beyond the MANO domain and actually allows the interaction with SDN and RAN controllers.","","978-1-7281-4832-8","10.1109/CloudNet47604.2019.9064072","","https://ieeexplore.ieee.org/stamp/stamp.jsp?arnumber=9064072","Network Slicing;SDN;NFV;MANO","Radio access networks;Network slicing;5G mobile communication;3GPP;Monitoring;Delays;Quality of service","","21","","11","IEEE","13 Apr 2020","4-6 Nov. 2019","4-6 Nov. 2019","IEEE","IEEE Conferences"
"Top Design of Digitalization Specialty in a Power Company Based on TOGAF Framework","Y. Tong; X. Huang; W. Wang; B. Gao; C. Guo","State Grid Information & Communication Company of Hunan Electric Power Co. Ltd, Changsha, China; State Grid Information & Communication Company of Hunan Electric Power Co. Ltd, Changsha, China; State Grid Hunan Electric Power Co. Ltd, Changsha, China; Beijing State Grid Xintong Accenture Information Technology Co. Ltd, Beijing, China; Beijing State Grid Xintong Accenture Information Technology Co. Ltd, Beijing, China",2025 7th International Conference on Frontier Technologies of Information and Computer (ICFTIC),"19 Jan 2026","2025","","","1087","1090","Enterprise architecture framework has become the key computing infrastructure of digital transformation, which provides systematic abstraction mechanism and automatic coordination ability. This paper introduces a rigorous method to design digital enterprise architecture based on TOGAF framework, with emphasis on algorithm efficiency, distributed computing paradigm and formal modeling technology. The implementation includes service-oriented architecture (SOA) with micro-service decomposition, event-driven message queue with Apache Kafka (50 partitions, replication factor 3), and container arrangement with horizontal automatic expansion function through Kubernetes. The digital architecture integrates real-time ETL pipeline with O(n log n) complexity, distributed storage system and multi-layer caching strategy using Redis cluster. The technical infrastructure has deployed a hybrid cloud architecture that combines private cloud security with public cloud resilience, while API Gateway (Kong 3.0) uses token bucket algorithm to achieve a rate limit of 10,000 requests per second. Through database index (B+ trees), connection pool (HikariCP) and asynchronous processing (Celery with MQ), the performance has been optimized, and the average API response time has been reduced from 850 milliseconds to 120 milliseconds (a decrease of 85.9%), the system throughput has increased from 1,200 transactions per second to 8,500 transactions (an increase of 608%), and the overall system availability has reached 99. The architecture adopts circuit breaker mode, distributed tracking (Jaeger), service grid (Istio) and canary deployment strategy with automatic rollback mechanism. The paired t test (p < 0.001) was used for statistical verification, and it was confirmed that all 42 evaluation business processes were significantly optimized. This computing framework based on TOGAF shows how systematic application of computer science principles, including algorithm design, data structure optimization and distributed system theory, can promote the digital transformation of power industry.","","979-8-3315-8694-2","10.1109/ICFTIC68075.2025.11324626","","https://ieeexplore.ieee.org/stamp/stamp.jsp?arnumber=11324626","TOGAF;Enterprise architecture;Top design;Business structure;Architecture governance","Systematics;Digital transformation;Design methodology;Computational modeling;Trees (botanical);Computer architecture;Companies;Power industry;Service-oriented architecture;Power systems","","","","6","IEEE","19 Jan 2026","5-7 Dec. 2025","5-7 Dec. 2025","IEEE","IEEE Conferences"
"Evaluating CNI Plugins Features & Tradeoffs for Edge Cloud Applications","G. Koukis; S. Skaperas; I. A. Kapetanidou; L. Mamatas; V. Tsaoussidis","Department of Electrical and Computer Engineering, Democritus University of Thrace, Xanthi, Greece; Department of Applied Informatics, University of Macedonia, Thessaloniki, Greece; Department of Electrical and Computer Engineering, Democritus University of Thrace, Xanthi, Greece; Department of Applied Informatics, University of Macedonia, Thessaloniki, Greece; Department of Electrical and Computer Engineering, Democritus University of Thrace, Xanthi, Greece",2024 IEEE Symposium on Computers and Communications (ISCC),"31 Oct 2024","2024","","","1","6","Kubernetes (K8s) has become the cornerstone solution for orchestrating containerized applications across cloud-edge computing environments. Container Network Interface (CNI) plugins are crucial in this ecosystem, enabling network connectivity among K8s components, supporting advanced features and facilitating robust network management across diverse environments, such as centralized cloud or decentralized edge locations. In this paper, we extend our previous work, focusing on the various features, either built-in or non-native, provided within each networking solution and across diverse resource-intense and lightweight K8s distributions. Along these lines, tunneling options, security and encryption mechanisms, as well as common service mesh and observability tools have been evaluated with regards to their performance and resource utilization.","2642-7389","979-8-3503-5423-2","10.1109/ISCC61673.2024.10733657","Horizon Europe; ","https://ieeexplore.ieee.org/stamp/stamp.jsp?arnumber=10733657","Edge/Cloud Computing;Kubernetes;Plugins","Computers;Ecosystems;Focusing;Tunneling;Containers;Encryption;Security;Resource management;Network interfaces;Observability","","2","","9","IEEE","31 Oct 2024","26-29 June 2024","26-29 June 2024","IEEE","IEEE Conferences"
"SEAWALL: Seamless Low Latency Cloud Platforms for the Industry 4.0","L. Bacchiani; G. De Palma; L. Sciullo; M. Bravetti; M. De Felice; M. Gabbrielli; G. Zavattaro; R. Della Penna; C. Iorizzo; A. Livaldi; L. Magnotta; M. Orsini","Department of Computer Science and Engineering, University of Bologna, Italy; Department of Computer Science and Engineering, University of Bologna, Italy; Department of Computer Science and Engineering, University of Bologna, Italy; Department of Computer Science and Engineering, University of Bologna, Italy; Department of Computer Science and Engineering, University of Bologna, Italy; Department of Computer Science and Engineering, University of Bologna, Italy; Department of Computer Science and Engineering, University of Bologna, Italy; Bonfiglioli S.r.l.; Philip Morris International; DataRiver S.r.l.; DataRiver S.r.l.; DataRiver S.r.l.",2022 5th Conference on Cloud and Internet of Things (CIoT),"9 May 2022","2022","","","90","91","The paper presents the SEAWALL platform enabling heterogeneous data acquisition and low-latency processing for the Industry 4.0, developed within the homonymous project founded by the Italian BIREX industrial consortium. The architecture features cutting-edge technologies (such as Kubernetes, ISTIO, KubeEdge, W3C WoT), in order to support the seamless orchestration of workloads among the nodes of a cloud-edge continuum in QoS-aware scenarios where the latency requirement of the anomaly detection must be continuously assessed. The paper presents the industrial use-case from the SEAWALL project and the components of the cloud/edge architecture.","","978-1-6654-7964-6","10.1109/CIoT53061.2022.9766643","","https://ieeexplore.ieee.org/stamp/stamp.jsp?arnumber=9766643","Industry 4.0;Cloud computing;Edge computing;Industrial Internet of Things (IIoT);Web of Things (WoT)","Industries;Cloud computing;Data acquisition;W3C;Computer architecture;Quality of service;Feature extraction","","2","","4","IEEE","9 May 2022","28-30 March 2022","28-30 March 2022","IEEE","IEEE Conferences"
"Enhanced client-side internal load balancing for in 5G Online Charging System","N. T. Nguyen; V. D. Nguyen; D. H. Nguyen; N. S. Dinh; T. Q. Hoa Hoang; C. D. Pham","OCS Research Center, Viettel High Technology, Viettel Group, Hanoi, Vietnam; OCS Research Center, Viettel High Technology, Viettel Group, Hanoi, Vietnam; OCS Research Center, Viettel High Technology, Viettel Group, Hanoi, Vietnam; OCS Research Center, Viettel High Technology, Viettel Group, Hanoi, Vietnam; OCS Research Center, Viettel High Technology, Viettel Group, Hanoi, Vietnam; OCS Research Center, Viettel High Technology, Viettel Group, Hanoi, Vietnam","2024 IEEE 48th Annual Computers, Software, and Applications Conference (COMPSAC)","26 Aug 2024","2024","","","1518","1519","Back-pressure exists in micro-services mesh and strongly affects the system's overall performance, especially for 5G URLLC services like our Online Charging System (OCS). The Microchassis is a service-mesh module, mainly serving URLLC requirements, that could well handle back-pressure in mesh. In this paper, we propose optimizations on the internal load balancing (ILB) core inside the Microchassis with enhanced strategies (BTC, cached RR, and cached LCC), then evaluated on a production-ready data charging CNF. The measured results satisfied with external system latency SLA and URLLC standard, which strengthen conclusions in back-pressure theory about the effectiveness of flow control in maintaining reliable connections under extreme conditions; while acknowledging that enhanced front-pressure strategies help application utilizes resources better.","2836-3795","979-8-3503-7696-8","10.1109/COMPSAC61105.2024.00217","","https://ieeexplore.ieee.org/stamp/stamp.jsp?arnumber=10633376","Back-pressure;Internal load balancing;5G;URLLC;Online-charging system","5G mobile communication;Ultra reliable low latency communication;Reliability theory;Load management;Software;Libraries;Standards","","","","8","IEEE","26 Aug 2024","2-4 July 2024","2-4 July 2024","IEEE","IEEE Conferences"
"Virtual Reality System Architecture Design for Digital Transformation of Education","F. Du","Pinghu Normal College of Jiaxing University, Pinghu, China",2025 IEEE 8th International Conference on Information Systems and Computer Aided Education (ICISCAE),"30 Dec 2025","2025","","","339","345","To address the immersive and data-driven demands of education's digital transformation, a scalable, large-scale virtual reality system architecture is constructed, integrating devices, the edge, and the cloud. Starting with the mapping of scenarios, capabilities, and microservices, this system uses PTP technology to achieve multi-channel and time synchronization, synchronously controlling viewport rendering and adaptive bitstreaming, and implementing a CRDT/OT consistency solution. Technically, this architecture implements Kubernetes and Service Mesh, continuous integration/continuous deployment, and monitoring capabilities, while also establishing an evaluation process and experimental structure to facilitate A/B testing and ablation studies. In lectures, labs, and collaborative learning scenarios, the system maintains MTP (p95) stability of no more than 20 milliseconds, with a frame update frequency exceeding 72 frames per second and a consistency error of no more than 25 milliseconds at a 95 % confidence level. This significantly improves task completion efficiency and user experience quality. This architecture considers interoperability, compliance, and cost control, providing a repeatable and scalable technical implementation path for all levels of campus education.","2770-663X","979-8-3315-2689-4","10.1109/ICISCAE66104.2025.11307342","","https://ieeexplore.ieee.org/stamp/stamp.jsp?arnumber=11307342","digital transformation of education;virtual reality;edge-cloud collaboration;viewport rendering;adaptive code control;clock synchronization;consistency maintenance;observability","Federated learning;Digital transformation;Education;Collaboration;Systems architecture;Virtual reality;Rendering (computer graphics);Synchronization;Observability;Testing","","","","10","IEEE","30 Dec 2025","27-29 Sept. 2025","27-29 Sept. 2025","IEEE","IEEE Conferences"
"Analyzing the impact of VIM systems over the MEC management and orchestration in vehicular communications","N. Slamnik-Kriještorac; M. Peeters; S. Latré; J. M. Marquez-Barja","IDLab research group, University of Antwerp - imec, Antwerp, Belgium; imec, Antwerp, Belgium; IDLab research group, University of Antwerp - imec, Antwerp, Belgium; IDLab research group, University of Antwerp - imec, Antwerp, Belgium",2020 29th International Conference on Computer Communications and Networks (ICCCN),"30 Sep 2020","2020","","","1","6","The combination of 5G and Multi-access Edge Computing (MEC) technologies can bring significant benefits to vehicular networks, providing means for achieving enhanced Quality of Service (QoS), and Quality of Experience (QoE) of wide variety of vehicular applications. Although beneficial in terms of latency reduction, the edge of the architecture for communication networks produces enormous heterogeneity of network services and resources. This challenge becomes even more severe when different administration domains are taken into consideration. Thus, efficient network Management and Orchestration (MANO) of network resources and services are inevitable. As ETSI provided guidelines and standardization for NFV MANO components, the MEC platform can be used to host network services, while MANO systems are in charge of network service management and orchestration. In this paper, we focus on the specific impact that the Virtualized Infrastructure Manager (VIM) has on the performance of the whole MANO system, used for management and orchestration of MEC services and resources in vehicular networks by enabling the on-demand service instantiation, and service teardown. In our testbed-based evaluation, we measured the network service instantiation and termination delays when evaluating: a) OpenStack and Amazon Web Services (AWS) as VIMs for Open Source MANO (OSM), and b) OpenStack and Docker in case of Open Baton. Such performance analysis with a strong experimental component can serve as a baseline for researchers and industry towards exploiting the opportunities that existing MANO solutions provide.","2637-9430","978-1-7281-6607-0","10.1109/ICCCN49398.2020.9209636","","https://ieeexplore.ieee.org/stamp/stamp.jsp?arnumber=9209636","MEC;NFV;VNF;MANO;edge and cloud computing;orchestration;vehicular networks","Cloud computing;Containers;Quality of service;Quality of experience;Tools;5G mobile communication;Delays","","4","","14","IEEE","30 Sep 2020","3-6 Aug. 2020","3-6 Aug. 2020","IEEE","IEEE Conferences"
"Designing a Multi-Layered Rate Limiting Framework for Resilient Cloud-Native Systems","J. E. Joyce; P. Bhat; S. Murali","IBM India Private Limited, Bangalore, India; IBM India Private Limited, Bangalore, India; IBM India Private Limited, Bangalore, India",2025 Fourth International Conference on Smart Technologies and Systems for Next Generation Computing (ICSTSN),"27 Feb 2026","2025","","","1","6","Cloud-native systems are built on microservices that emphasize scalability and agility but are vulnerable to traffic spikes, tenant misuse, and cascading failures. In multi-tenant setups, resource contention can degrade reliability. Single-layer rate limiting lacks the contextual awareness and granularity to protect such dynamic workloads. In this paper, we propose a Multi-Layered Rate Limiting Framework designed to enhance the resilience of cloud-native systems through coordinated enforcement of rate limits across multiple architectural layers-including edge, ingress, service mesh, application, and backend services. Our framework incorporates adaptive, context-aware throttling and introduces a tenantaware and API-aware isolation strategy to contain the impact of disruptive behavior by individual tenants or APIs. Through experimental evaluation under stress scenarios, we demonstrate that the framework significantly improves system reliability, fault isolation, and overall response stability compared to traditional single-layer approaches. Our results validate the importance of multi-layered rate limiting as a foundational mechanism for building resilient, production-grade cloud-native systems.","","979-8-3315-5942-7","10.1109/ICSTSN67075.2025.11397959","","https://ieeexplore.ieee.org/stamp/stamp.jsp?arnumber=11397959","rate limit;resilience;fault tolerance;reliability;optimization","Fault tolerance;Limiting;Scalability;Power system protection;Quality of service;Traffic control;Power system faults;Stress;Optimization;Resilience","","","","25","IEEE","27 Feb 2026","20-21 Nov. 2025","20-21 Nov. 2025","IEEE","IEEE Conferences"
"Divide and Conquer: Hierarchical Network and Service Coordination","S. Schneider; M. Jürgens; H. Karl","Paderborn University, Germany; Paderborn University, Germany; Paderborn University, Germany",2021 IFIP/IEEE International Symposium on Integrated Network Management (IM),"30 Jun 2021","2021","","","54","62","In practical, large-scale networks, services are requested by users across the globe, e.g., for video streaming. Services consist of multiple interconnected components such as microservices in a service mesh. Coordinating these services requires scaling them according to continuously changing user demand, deploying instances at the edge close to their users, and routing traffic efficiently between users and connected instances. Network and service coordination is commonly addressed through centralized approaches, where a single coordinator knows everything and coordinates the entire network globally. While such centralized approaches can reach global optima, they do not scale to large, realistic networks. In contrast, distributed approaches scale well, but sacrifice solution quality due to their limited scope of knowledge and coordination decisions.To this end, we propose a hierarchical coordination approach that combines the good solution quality of centralized approaches with the scalability of distributed approaches. In doing so, we divide the network into multiple hierarchical domains and optimize coordination in a top-down manner. We compare our hierarchical with a centralized approach in an extensive evaluation on a real-world network topology. Our results indicate that hierarchical coordination can find close-to-optimal solutions in a fraction of the runtime of centralized approaches.","1573-0077","978-3-903176-32-4","","Ministry of Education; ","https://ieeexplore.ieee.org/stamp/stamp.jsp?arnumber=9463972","","Runtime;Network topology;Scalability;Optimization methods;Streaming media;Routing","","","","41","","30 Jun 2021","17-21 May 2021","17-21 May 2021","IEEE","IEEE Conferences"
"6G Distributed Autonomous Core Network with Proxy Architecture and HTTP/3 Transport","Z. Tian; M. Zhao; Y. Xu; C. Liu","Beijing National Research Center for Information Science and Technology, Tsinghua University, Beijing, China; Beijing National Research Center for Information Science and Technology, Tsinghua University, Beijing, China; Beijing National Research Center for Information Science and Technology, Tsinghua University, Beijing, China; China Mobile Research Institute, Beijing, China",2024 International Conference on Future Communications and Networks (FCN),"12 May 2025","2024","","","1","5","5GC adopted the SBA architecture utilizing the cloud native technologies. The flat ‘bus’ SBI faces dramatic signaling overhead, therefore 3GPP defined a network function SCP(Service Communication Proxy) in Rel-16 with the additional consideration that cloud native framework is also evolving into service mesh architecture. And then the SCP is quickly deployed into operational commercial network, alleviated the signaling pressure across different regions of 5G core network. From 5G-Advance, 5GC network functions are deployed near base station more and more to handle the core network related traffics in MEC and NPN (Non-Public Network) etc.. According to the industry vision of 6G, these decentralized core network functions may group into autonomous units, which would interactive with each other and also centralized network functions. The DAN(Distributed Autonomous Network) architecture need a distributed cloud infrastructure and framework to support these distributed autonomous unites. Based on Rel-16 SCP, this paper proposes a proxy architecture for autonomous unit in 6G DAN with the consideration of emerging computing technologies and distributed cloud native stack including the HTTP/3 transport layer and RDMA disaggregated storage. Preliminary benchmarking shows the proposed architecture may bring about $\mathrm{3 0 \%} \sim \mathbf{1 0 0 \%}$ concurrency improvement and $\mathrm{2 0 \%} \sim 60 \%$ latency reduction.","","979-8-3315-1288-0","10.1109/FCN64323.2024.10984855","Tsinghua University; ","https://ieeexplore.ieee.org/stamp/stamp.jsp?arnumber=10984855","5GC;SBA;SCP;DAN;Proxy;HTTP/3","6G mobile communication;Industries;Concurrent computing;Computers;Base stations;Autonomous networks;5G mobile communication;Computer architecture;Benchmark testing;Faces","","1","","14","IEEE","12 May 2025","18-22 Nov. 2024","18-22 Nov. 2024","IEEE","IEEE Conferences"
"Adversarial Adaptive Cloud-Native Security: A Dynamic Defense System Based on Online Adversarial Training and Reinforcement Learning","J. Mi","School of Computing and Intelligence Innovation, Fudan University, Shanghai, China",2025 10th International Conference on Computer and Information Processing Technology (ISCIPT),"2 Dec 2025","2025","","","741","747","This paper addresses the latency and high false-positive rates of traditional security mechanisms in cloud-native environments caused by dynamic container scheduling and complex microservice dependencies. We propose CloudDefender, an innovative adversarial machine learning-driven dynamic adaptive defense framework. The framework introduces a dual-loop feedback mechanism for real-time adversarial defense. The Inner Loop dynamically simulates 17 categories of cloud-specific attacks such as container escape and API parameter pollution. It uses an online adversarial sample generator to continuously train a lightweight detection model. The Outer Loop leverages reinforcement learning with the PPO algorithm to optimize detection thresholds and response strategies in real time. This reduces false positives to below 1.2% in experiments. CloudDefender integrates service mesh (Istio) traffic topology with eBPF runtime monitoring data. Through this integration, it constructs a three-tier adversarial feature vector covering container, node and cluster levels. This approach overcomes single-layer detection limitations and achieves cross-layer attack chain tracing. The system covers 94% of MITRE ATT&CK techniques. To address container transience, we design an adversarial robustness distillation algorithm. The algorithm compresses centralized defense models into lightweight edge agents with less than $\mathbf{5 0 M B}$ resource footprint. These agents enable Kubernetes Pod rolling updates with sub-second policy switching latency of 300 ms or less. This eliminates blind spots during transitions. Theoretically, we prove the system’s convergence stability through Lyapunov optimization. This establishes the first provably robust adaptive defense paradigm for dynamic infrastructures. Evaluations on five real-world platforms including Alibaba Cloud and AWS EKS show significant improvements. CloudDefender improves 0-day attack detection to $\mathbf{9 2. 3 \%}$, representing a $\mathbf{2 4. 8}$-percentage-point gain over Falco. It reduces self-optimization cycles to 8.2 seconds under polymorphic attacks. The system maintains peak CPU usage below 5% per node, achieving a $6 \times$ resource reduction compared to sandbox-based solutions. This work advances cloud-native security from static rule-matching to autonomous immunity.","","979-8-3315-9590-6","10.1109/ISCIPT67144.2025.11264893","","https://ieeexplore.ieee.org/stamp/stamp.jsp?arnumber=11264893","Adversarial Adaptation;Dual-Loop Feedback;Reinforcement Learning;Cross-Layer Attack Tracing;Cloud-Native Security, Container Security","Training;Cross layer design;Reinforcement learning;Containers;Dynamic scheduling;Feature extraction;Robustness;Security;Protection;Optimization","","","","10","IEEE","2 Dec 2025","12-14 Sept. 2025","12-14 Sept. 2025","IEEE","IEEE Conferences"
"Coupling Orchestration and DNS for Seamless Service Migration in the Edge–Cloud Continuum","M. Dalgitsis; E. Datsika; M. Palacín; P. Liu; J. S. Sánchez; M. A. Serrano; A. Antonopoulos","Nearby Computing, Barcelona, Spain; Nearby Computing, Barcelona, Spain; Supercomputing Center de Barcelona (BSC), Barcelona, Spain; Supercomputing Center de Barcelona (BSC), Barcelona, Spain; Cellnex, Barcelona, Spain; Nearby Computing, Barcelona, Spain; Nearby Computing, Barcelona, Spain",2025 IEEE 33rd International Conference on Network Protocols (ICNP),"13 Oct 2025","2025","","","1","6","Modern distributed applications increasingly span an edge-cloud continuum, where services may need to dynamically migrate between far-edge, near-edge, and cloud environments to meet latency, resource, or policy constraints. Ensuring seamless service continuity during such migrations remains a significant challenge, particularly due to delays in DNS resolution and inconsistent client routing. This paper presents a modular DNS-driven orchestration framework designed for Kubernetes-based infrastructures. Our approach integrates service orchestration logic with a shared DNS component to enable fast and autonomous service redirection without relying on public DNS providers or complex service meshes. By coupling orchestrator-triggered migrations with DNS record updates, the system ensures immediate service reachability after migration. An optional analytics and decision engine complements the framework by triggering orchestrator actions based on monitoring insights. We evaluate the DNS reconfiguration performance of our solution compared to traditional ExternalDNS-based architectures, demonstrating significantly lower propagation latency and higher determinism during service migrations across the edge–cloud continuum.","2643-3303","979-8-3315-0376-5","10.1109/ICNP65844.2025.11192408","","https://ieeexplore.ieee.org/stamp/stamp.jsp?arnumber=11192408","Service migration;DNS orchestration;Edge-Cloud Continuum;Kubernetes","Couplings;Protocols;Pipelines;Routing;Delays;Logic;Monitoring;Engines","","","","11","IEEE","13 Oct 2025","22-25 Sept. 2025","22-25 Sept. 2025","IEEE","IEEE Conferences"
"Self-Learning Multi-Objective Service Coordination Using Deep Reinforcement Learning","S. Schneider; R. Khalili; A. Manzoor; H. Qarawlus; R. Schellenberg; H. Karl; A. Hecker","Department for Computer Science, Computer Networks Research Group, Paderborn University, Paderborn, Germany; Munich Research Center, Huawei Technologies Düsseldorf, Munich, Germany; Department for Computer Science, Computer Networks Research Group, Paderborn University, Paderborn, Germany; Logistics Department, Fraunhofer ISST, Dortmund, Germany; Department for Computer Science, Computer Networks Research Group, Paderborn University, Paderborn, Germany; Department for Computer Science, Computer Networks Research Group, Paderborn University, Paderborn, Germany; Department for Computer Science, Computer Networks Research Group, Paderborn University, Paderborn, Germany",IEEE Transactions on Network and Service Management,"8 Sep 2021","2021","18","3","3829","3842","Modern services consist of interconnected components, e.g., microservices in a service mesh or machine learning functions in a pipeline. These services can scale and run across multiple network nodes on demand. To process incoming traffic, service components have to be instantiated and traffic assigned to these instances, taking capacities, changing demands, and Quality of Service (QoS) requirements into account. This challenge is usually solved with custom approaches designed by experts. While this typically works well for the considered scenario, the models often rely on unrealistic assumptions or on knowledge that is not available in practice (e.g., a priori knowledge). We propose DeepCoord, a novel deep reinforcement learning approach that learns how to best coordinate services and is geared towards realistic assumptions. It interacts with the network and relies on available, possibly delayed monitoring information. Rather than defining a complex model or an algorithm on how to achieve an objective, our model-free approach adapts to various objectives and traffic patterns. An agent is trained offline without expert knowledge and then applied online with minimal overhead. Compared to a state-of-the-art heuristic, DeepCoord significantly improves flow throughput (up to 76%) and overall network utility (more than 2x) on real-world network topologies and traffic traces. It also supports optimizing multiple, possibly competing objectives, learns to respect QoS requirements, generalizes to scenarios with unseen, stochastic traffic, and scales to large real-world networks. For reproducibility and reuse, our code is publicly available.","1932-4537","","10.1109/TNSM.2021.3076503","German Research Foundation within the Collaborative Research Centre “On-The-Fly Computing” (SFB 901), the German Federal Ministry of Education and Research under Software Campus(grant numbers:01IS17046 (RealVNF)); European Commission under 5G-PPP project FUDGE-5G(grant numbers:H2020-ICT-42-2020,957242); ","https://ieeexplore.ieee.org/stamp/stamp.jsp?arnumber=9419067","Network and service management;reinforcement learning;self-learning;self-adaptation;multi-objective","Quality of service;Monitoring;Runtime;Network topology;Edge computing;Dynamic scheduling;Delays","","37","","68","IEEE","29 Apr 2021","Sept. 2021","","IEEE","IEEE Journals"
"Self-Driving Network and Service Coordination Using Deep Reinforcement Learning","S. Schneider; A. Manzoor; H. Qarawlus; R. Schellenberg; H. Karl; R. Khalili; A. Hecker",Paderborn University; Paderborn University; Paderborn University; Paderborn University; Paderborn University; Huawei; Huawei,2020 16th International Conference on Network and Service Management (CNSM),"30 Nov 2020","2020","","","1","9","Modern services comprise interconnected components, e.g., microservices in a service mesh, that can scale and run on multiple nodes across the network on demand. To process incoming traffic, service components have to be instantiated and traffic assigned to these instances, taking capacities and changing demands into account. This challenge is usually solved with custom approaches designed by experts. While this typically works well for the considered scenario, the models often rely on unrealistic assumptions or on knowledge that is not available in practice (e.g., a priori knowledge). We propose a novel deep reinforcement learning approach that learns how to best coordinate services and is geared towards realistic assumptions. It interacts with the network and relies on available, possibly delayed monitoring information. Rather than defining a complex model or an algorithm how to achieve an objective, our model-free approach adapts to various objectives and traffic patterns. An agent is trained offline without expert knowledge and then applied online with minimal overhead. Compared to a state-of-the-art heuristic, it significantly improves flow throughput and overall network utility on real-world network topologies and traffic traces. It also learns to optimize different objectives, generalizes to scenarios with unseen, stochastic traffic patterns, and scales to large real-world networks.","2165-963X","978-3-903176-31-7","10.23919/CNSM50824.2020.9269087","Ministry of Education; European Commission; ","https://ieeexplore.ieee.org/stamp/stamp.jsp?arnumber=9269087","","Monitoring;Delays;Quality of service;Network topology;Knowledge engineering;Schedules;Runtime","","15","","43","","30 Nov 2020","2-6 Nov. 2020","2-6 Nov. 2020","IEEE","IEEE Conferences"
"Distributed Online Service Coordination Using Deep Reinforcement Learning","S. Schneider; H. Qarawlus; H. Karl","Paderborn University, Germany; Fraunhofer ISST, Germany; Paderborn University, Germany",2021 IEEE 41st International Conference on Distributed Computing Systems (ICDCS),"4 Oct 2021","2021","","","539","549","Services often consist of multiple chained components such as microservices in a service mesh, or machine learning functions in a pipeline. Providing these services requires online coordination including scaling the service, placing instance of all components in the network, scheduling traffic to these instances, and routing traffic through the network. Optimized service coordination is still a hard problem due to many influencing factors such as rapidly arriving user demands and limited node and link capacity. Existing approaches to solve the problem are often built on rigid models and assumptions, tailored to specific scenarios. If the scenario changes and the assumptions no longer hold, they easily break and require manual adjustments by experts. Novel self-learning approaches using deep reinforcement learning (DRL) are promising but still have limitations as they only address simplified versions of the problem and are typically centralized and thus do not scale to practical large-scale networks. To address these issues, we propose a distributed self-learning service coordination approach using DRL. After centralized training, we deploy a distributed DRL agent at each node in the network, making fast coordination decisions locally in parallel with the other nodes. Each agent only observes its direct neighbors and does not need global knowledge. Hence, our approach scales independently from the size of the network. In our extensive evaluation using real-world network topologies and traffic traces, we show that our proposed approach outperforms a state-of-the-art conventional heuristic as well as a centralized DRL approach (60 % higher throughput on average) while requiring less time per online decision (1 ms).","2575-8411","978-1-6654-4513-9","10.1109/ICDCS51616.2021.00058","","https://ieeexplore.ieee.org/stamp/stamp.jsp?arnumber=9546526","service coordination;distributed coordination;reinforcement learning;deep learning","Training;Knowledge engineering;Network topology;Pipelines;Reinforcement learning;Quality of service;Manuals","","17","","52","IEEE","4 Oct 2021","7-10 July 2021","7-10 July 2021","IEEE","IEEE Conferences"
"Zero Touch Rolling Upgrade Cloud-native Network Functions","T. L. Bui; H. P. T. Do; X. C. Nguyen; V. H. Hoang; T. T. Bui; T. P. T. Hoang","Viettel High Technology, Viettel Group, Hanoi, Vietnam; Viettel High Technology, Viettel Group, Hanoi, Vietnam; Viettel High Technology, Viettel Group, Hanoi, Vietnam; Viettel High Technology, Viettel Group, Hanoi, Vietnam; Viettel High Technology, Viettel Group, Hanoi, Vietnam; Viettel Networks, Viettel Group, Hanoi, Vietnam",2025 27th International Conference on Advanced Communications Technology (ICACT),"28 Mar 2025","2025","","","451","458","As Cloud-Native Functions (CNFs) become increasingly crucial in modern telecommunications architecture, the demand for efficient, reliable, and uninterrupted upgrade processes has grown more urgent. Traditional upgrade mechanisms often require manual intervention and can lead to service downtime, negatively impacting Quality of Service (QoS) and breaching strict Service Level Agreements (SLA).To address these challenges, in this paper, we introduce the Zero Touch Upgrade solution for CNF — an automated upgrade solution designed to eliminate human intervention and minimize downtime. Our approach integrates intelligent orchestration systems, continuous monitoring, and rollback mechanisms to ensure seamless transitions between software versions without service disruption. By leveraging Kubernetes-based service mesh and container orchestration, we ensure high availability, scalability, and adherence to the Zero Downtime principle. Experimental results from our Viettel Online Charging System (vOCS) demonstrate significant improvements in upgrade performance, system reliability, and user experience, proving the solution’s effectiveness in dynamic and critical telecommunications environments.","1738-9445","979-11-88428-13-7","10.23919/ICACT63878.2025.10936771","","https://ieeexplore.ieee.org/stamp/stamp.jsp?arnumber=10936771","CNF;Zero Touch Upgrade;Rolling Upgrade;Monitor;KPI;Online Charging System","Cloud computing;Scalability;Quality of service;Containers;User experience;Software;Telecommunications;Reliability;Monitoring;Service level agreements","","","","14","","28 Mar 2025","16-19 Feb. 2025","16-19 Feb. 2025","IEEE","IEEE Conferences"
"Evolution of Policy Verification and Control for 6G Secure Service Orchestration in Telco Clouds","S. Paul; S. B. M. Baskaran; A. Kunz; A. Salkintzis","Lenovo Research, Oberursel, Germany; Lead Security Architect, Lenovo Research, Oberursel, Germany; Lenovo Research, Oberursel, Germany; Lenovo Research, Athens, Greece",2025 Joint European Conference on Networks and Communications & 6G Summit (EuCNC/6G Summit),"26 Jun 2025","2025","","","363","368","The telecommunications industry has undergone a significant transformation in the post-virtualization era of cloud computing. The deployment of 5 G core network functions as stateless Virtualized Network Functions (VNFs) in cloud-native environments-such as Docker containers or Kubernetes pods-has enhanced operational flexibility and cost efficiency. These Network Functions (NFs) are managed based on Service Level Agreements (SLAs) and Quality of Service (QoS) requirements, with coordination between the Element Manager (EM) and the NFV Management and Orchestration (NFV MANO) framework. However, this coordination relies on policy enforcement by the NFV Orchestrator (NFVO) and VNF Manager (VNFM), which are vulnerable to policy manipulation or misinterpretation in the presence of cyber threats. Attacks on NFV MANO or the operator network can lead to orchestration compromises, policy violations, and ultimately service disruptions. While access control mechanisms provide some security, current NFVO implementations lack the capability to detect policy anomalies, potentially resulting in resource depletion and outages. To address this challenge, we propose a novel policy verification function within NFV MANO, following the zero-trust principle. Our approach employs an ML-based anomaly detection technique using One-Class Support Vector Machine (OCSVM) to identify anomalous policy parameters. We evaluated this method through integration with an operator's core network using the open-source ETSI OSM. Experimental results demonstrated an anomaly detection precision of 0.71, recall of 0.82, and an F1score of 0.76, highlighting the effectiveness of our approach in enhancing and evolving the orchestration security and reliability.","2575-4912","979-8-3503-9180-0","10.1109/EuCNC/6GSummit63408.2025.11036971","EU(grant numbers:101139198); ","https://ieeexplore.ieee.org/stamp/stamp.jsp?arnumber=11036971","Beyond 5G;Zero Touch Management;AI/ML;Core Network;NFV MANO","Support vector machines;6G mobile communication;Cloud computing;5G mobile communication;Quality of service;Telecommunications;Network function virtualization;Telecommunication network reliability;Anomaly detection;Service level agreements","","","","25","IEEE","26 Jun 2025","3-6 June 2025","3-6 June 2025","IEEE","IEEE Conferences"
"Research on intelligent prediction model of big data mining and cloud computing based on deep learning","Y. Zou; K. Zhu","Kunming University of Science and Technology, Oxbridge College, Kunming, 650106, Yunnan, People's Republic of China; Kunming University of Science and Technology, Oxbridge College, Kunming, 650106, Yunnan, People's Republic of China",4th International Conference on Artificial Intelligence and Autonomous Robot Systems (AIARS 2025),"11 Nov 2025","2025","2025","","738","743","With the explosive growth of data volume, how to efficiently mine and utilize the value in massive data has become a key issue. This paper proposes an intelligent prediction model of big data mining and cloud computing based on deep learning, aiming at improving prediction accuracy and efficiency, ensuring data security and optimizing resource allocation. On the data level, the hybrid cloud storage architecture combined with Apache Arrow memory data format conversion module is adopted to realize the fusion and efficient preprocessing of multi-source heterogeneous data. Distributed feature engineering uses Spark MLlib to build a parallel pipeline and integrate data enhancement technologies such as SMOTE and MixUp. At the model level, a hybrid framework of Transformer-CNN is designed, which integrates the attention-gating mechanism, and realizes lightweight deployment through neural architecture search and knowledge distillation. In terms of privacy protection, we combine vertical federated learning and differential privacy technology, and use Paillier homomorphic encryption to ensure the security of multi-party cooperation. On the resource scheduling level, an elastic resource scheduling algorithm is designed based on deep reinforcement learning, and dynamic resource management is realized by combining Kubernetes and Istio. The experimental results show that the model performs well in financial risk control, medical imaging and traffic prediction scenarios, with AUC-ROC value of 0.951, reasoning delay of only 9.8ms, significantly shortened training time, greatly improved resource utilization and remarkable privacy protection effect. This research provides an efficient and safe solution for the wide application of artificial intelligence technology in many fields.","","978-1-80705-020-7","10.1049/icp.2025.3141","","https://ieeexplore.ieee.org/stamp/stamp.jsp?arnumber=11237797","","","","","","","","11 Nov 2025","29-31 July 2025","29-31 July 2025","IET","IET Conferences"
